0,Unnamed: 0
d424063-Reviews-Ritz_Diner,0
d457778-Reviews-John_s_of_Times_Square,3
d424512-Reviews-Tout_Va_Bien,6
d1057341-Reviews-Nizza,9
d423401-Reviews-Il_Buco,12
d3699316-Reviews-Strip_House,15
d10073309-Reviews-Meme_Mediterranean,18
d611400-Reviews-Cafe_d_Alsace,21
d426150-Reviews-Gigino_Wagner_Park,24
d1229678-Reviews-Cafe_Cranberry,27
d1140440-Reviews-Delicatessen,30
d480855-Reviews-Banc_Cafe,33
d457945-Reviews-Le_Colonial,36
d1596065-Reviews-Le_Pain_Quotidien,39
d2405591-Reviews-Cafe_Manhattan,42
d807342-Reviews-Fat_Cat,45
d2484789-Reviews-O_Brien_s_Irish_Pub_Restaurant,48
d4454028-Reviews-Rosa_Mexicano_Union_Square,51
d1048640-Reviews-Locanda_Verde,54
d3318261-Reviews-Shanghai_Asian_Cuisine,57
d911311-Reviews-Hill_Country_Barbecue_Market,60
d457771-Reviews-Philip_Marie_Restaurant,63
d2342450-Reviews-West_End_Bar_Grill,66
d2500129-Reviews-Tiny_s_The_Bar_Upstairs,69
d659654-Reviews-Ted_s_Montana_Grill,72
d6640366-Reviews-Baker_Co,75
d10356915-Reviews-Zen_Ramen_Sushi,78
d549140-Reviews-Yakitori_Totto,81
d425554-Reviews-Cafe_Fiorello,84
d6753030-Reviews-Claudette,87
d2256306-Reviews-Artichoke_Basille_s_Pizza,120
d7648232-Reviews-Little_Beet_Table,123
d3188388-Reviews-Circo,126
d477523-Reviews-Rosa_Mexicano,129
d6882418-Reviews-Wo_Hop,132
d1992260-Reviews-Atlantic_Grill,135
d6764492-Reviews-Tender_Restaurant,138
d1049685-Reviews-Benoit_New_York,141
d2180050-Reviews-Ceci_Italian_Restaurant_Bar,144
d1368048-Reviews-Hundred_Acres,147
d7342493-Reviews-Little_Park,150
d425728-Reviews-Wollensky_s_Grill,153
d423706-Reviews-Cafe_Sabarsky,156
d478621-Reviews-Lattanzi_Ristorante,159
d458217-Reviews-Pascalou,162
d806296-Reviews-Please_Don_t_Tell,165
d8659621-Reviews-Chazz_Palminteri_Italian_Restaurant,168
d3681538-Reviews-Bocado_Wine_Bar_Restaurant,171
d4479411-Reviews-Judge_Roy_Bean_Public_House,174
d4859312-Reviews-Fresh_and_Co,177
d425697-Reviews-Pampano_New_York,180
d8130715-Reviews-The_Clocktower,183
d1673531-Reviews-Maialino_Resturant,186
d426029-Reviews-Tir_na_Nog_31st_St,189
d5893398-Reviews-Nano_Ecuadorian_Kitchen,192
d10145300-Reviews-Empire_Steak_House,195
d3555796-Reviews-McHale_s_Bar_Grill,198
d8666088-Reviews-Black_Barn,201
d9800072-Reviews-Vandal,204
d4132265-Reviews-Zoob_Zib_Thai_Authentic_Noodle_Bar,207
d8545251-Reviews-La_Pecora_Bianca,240
d6576972-Reviews-Au_Za_atar,241
d2362951-Reviews-Famous_Famiglia_Pizzeria,242
d425705-Reviews-TAO_Uptown,243
d18003539-Reviews-Aunt_Jake_s_NYC,244
d534192-Reviews-Hurley_s_Saloon,245
d6579189-Reviews-Tavern_on_the_Green,246
d2256315-Reviews-Bread_Tulips,247
d426044-Reviews-Sylvia_s_Restaurant,248
d11949408-Reviews-Todd_English_at_The_Plaza,249
d816907-Reviews-Morandi,250
d425364-Reviews-Wolfgang_s_Steakhouse,251
d424545-Reviews-Ellen_s_Stardust_Diner,252
d477497-Reviews-Sarabeth_s_East,253
d1898220-Reviews-Mercato,254
d549193-Reviews-The_Soho_Grand_Bar_Lounge,255
d1553124-Reviews-The_Standard_Grill,256
d1533632-Reviews-George_s_Restaurant,257
d478773-Reviews-Joe_s_Shanghai,258
d3667527-Reviews-Nino_s_46,259
d527836-Reviews-Docks_Oyster_Bar,260
d1950899-Reviews-Bill_s_Bar_Burger,261
d424294-Reviews-Cafe_Gitane,262
d953398-Reviews-La_bonbonniere,263
d423669-Reviews-La_Mirabelle,264
d1995164-Reviews-Manzo,265
d6414729-Reviews-The_Clam,266
d1150398-Reviews-Frankie_Johnnie_s_Steakhouse,267
d484090-Reviews-Mandoo_Bar,268
d2347426-Reviews-Del_Frisco_s_Grille,269
d424485-Reviews-Amarone_NY,270
d815316-Reviews-Brendan_s_Bar_Grill,273
d10249782-Reviews-Agern,276
d9854119-Reviews-One_World_Observatory_Restaurant,279
d3645350-Reviews-Premier_Cafe,282
d6367136-Reviews-Wasabi_Sushi_Bento,285
d502793-Reviews-Good_Enough_to_Eat,288
d7229799-Reviews-Dirty_French,291
d6509664-Reviews-Ootoya,294
d8308924-Reviews-Industry_Kitchen,297
d594342-Reviews-Valbella,300
d10037027-Reviews-Le_Coq_Rico_NYC,303
d949905-Reviews-Giano_Restaurant,306
d1597743-Reviews-Yum_Yum_Too,309
d457838-Reviews-La_Bonne,312
d459334-Reviews-Route_66_Cafe,315
d1231212-Reviews-Galaxy_Diner,318
d2306797-Reviews-Food_Gallery_32,321
d11651431-Reviews-Sen_Sakana,324
d479380-Reviews-Angelo_s_Pizza,327
d3806828-Reviews-BXL_Zoute,330
d4328546-Reviews-The_Flatiron_Room,333
d12031451-Reviews-Fine_and_Rare,336
d1956006-Reviews-Remedy_Diner,339
d425354-Reviews-Osteria_Laguna_Restaurant,342
d424282-Reviews-Peasant,345
d478992-Reviews-Extra_Virgin,348
d2433474-Reviews-The_Ginger_Man,351
d479379-Reviews-Angelo_s_of_Mulberry_Street,354
d482246-Reviews-Mary_s_Fish_Camp,357
d4437585-Reviews-Chipotle_Mexican_Grill,390
d423463-Reviews-Elmo,393
d549294-Reviews-Russian_Vodka_Room,396
d478829-Reviews-Greek_Kitchen,399
d457805-Reviews-Brooklyn_Diner,402
d425710-Reviews-Cellini,405
d1985959-Reviews-The_Lambs_Club,408
d6684279-Reviews-Nippori,411
d8129029-Reviews-Jack_s_Wife_Freda,414
d478820-Reviews-Haru,417
d6405062-Reviews-SuperNova,420
d481118-Reviews-EJ_s_Luncheonette,423
d11779450-Reviews-Wagamama,426
d5571336-Reviews-Sushi_Nakazawa,429
d8654475-Reviews-Ella_Social,432
d6856189-Reviews-Mexicue,435
d10261513-Reviews-Le_Botaniste,438
d2040670-Reviews-City_Sandwich,441
d5986058-Reviews-Little_Beet,444
d423737-Reviews-Viand_Cafe,447
d425572-Reviews-Topaz_Thai_Restaurant,450
d423838-Reviews-Lusardi_s_Restaurant,453
d10100990-Reviews-Trademark_Taste_Grind,456
d816875-Reviews-Gemma,459
d10825685-Reviews-Mama_Mia_44sw,462
d10524048-Reviews-Great_Northern_Food,465
d491019-Reviews-New_Wonjo_Restaurant,468
d3213679-Reviews-Empire_Diner,471
d842031-Reviews-Bann,474
d522569-Reviews-Bubba_Gump_Shrimp_Co,477
d459277-Reviews-Paesano_of_Mulberry_Street,510
d549298-Reviews-Square_Diner,513
d969109-Reviews-The_House_of_Brews,516
d496790-Reviews-Friend_of_a_Farmer,519
d522599-Reviews-Lexington_Candy_Shop,522
d424363-Reviews-Nom_Wah_Tea_Parlor,525
d459127-Reviews-Maria_Pia,528
d13445755-Reviews-The_Rag_Trader,531
d1503957-Reviews-Mad_Dog_Beans,534
d927281-Reviews-Astro_Restaurant,537
d481819-Reviews-Blue_Fin,540
d11912350-Reviews-L_Adresse,543
d3710302-Reviews-The_Butcher_s_Daughter,546
d8525462-Reviews-Pig_n_Whistle,549
d2325078-Reviews-Upstairs_at_the_Kimberly,552
d424506-Reviews-Wondee_Siam_I,555
d2373950-Reviews-Miss_Lily_s,558
d481232-Reviews-Omai,561
d479364-Reviews-Basta_Pasta,564
d423795-Reviews-JG_Melon,567
d1998984-Reviews-The_Fat_Radish,570
d424273-Reviews-Puglia_Restaurant,573
d423907-Reviews-Le_Bilboquet,576
d1649152-Reviews-The_Red_Flame_Diner,579
d4256469-Reviews-Tonic_Times_Square,582
d1058912-Reviews-Le_Pain_Quotidien,585
d7247915-Reviews-Ashley_s_Fine_Foods,588
d599003-Reviews-Cacio_e_Pepe,591
d5490217-Reviews-Cascade_Cafe,594
d812201-Reviews-Brasserie_Ruhlmann,597
d1998942-Reviews-Junoon_Restaurant,630
d542580-Reviews-Dalton_s_Bar_Grill,633
d1237617-Reviews-Sinigual,636
d424508-Reviews-Arriba_Arriba_Mexican_Restaurant,639
d3198370-Reviews-Toloache_Upper_East_Side,642
d423279-Reviews-Da_Umberto,645
d13110116-Reviews-Oscar_Wilde_Restaurant_Bar,648
d3256811-Reviews-Foragers,651
d8001308-Reviews-Kiki_s,654
d459073-Reviews-Turkish_Kitchen,657
d425564-Reviews-Redeye_Grill,660
d425589-Reviews-Skylight_Diner,663
d457893-Reviews-Cafeteria,666
d2136921-Reviews-Brother_Jimmy_s_BBQ,669
d3263932-Reviews-Ponche_Taqueria_Cantina,672
d11872440-Reviews-Trattoria_Italienne,675
d3843342-Reviews-Briciola,678
d423266-Reviews-Babbo_Ristorante_e_Enoteca,681
d7136348-Reviews-Aldo_Sohm_Wine_Bar,684
d1228516-Reviews-Serafina_Time_Hotel,687
d607771-Reviews-Kellari_Taverna_NY,690
d630221-Reviews-Gyu_Kaku_Japanese_BBQ,693
d1459445-Reviews-Europa_Cafe,696
d1419008-Reviews-Sofia_Wine_Bar_and_Cafe,699
d423639-Reviews-Sarabeth_s_West,702
d2627512-Reviews-Lexington_Brass,705
d12672159-Reviews-Cote,708
d527135-Reviews-Il_Piccolo_Bufalo,711
d477566-Reviews-Pomodoro_Rosso,714
d832158-Reviews-Scarlatto,717
d2176049-Reviews-The_Dutch,750
d3410027-Reviews-Jacob_Restaurant,753
d1984337-Reviews-Marcony,756
d814141-Reviews-Stout,759
d457149-Reviews-Hearth,762
d2536734-Reviews-Pera_Soho,765
d2708502-Reviews-The_Dining_Room,768
d6749613-Reviews-Cherche_Midi,771
d491050-Reviews-King_Cole_Bar,774
d457896-Reviews-Supper_Restaurant,777
d2627314-Reviews-Taverna_di_Bacco,780
d425552-Reviews-Norma_s,783
d1504924-Reviews-Shorty_s,786
d6001501-Reviews-Empire_Steak_House,789
d7112372-Reviews-Empellon_Al_Pastor_Pod_39,792
d936459-Reviews-Le_Grainne_Cafe,795
d508621-Reviews-Tia_Pol,798
d1984386-Reviews-Numero_28_Pizzeria_Napoletana,801
d1060891-Reviews-Playwright_Irish_Pub,804
d1227351-Reviews-BCD_Tofu_House,807
d478638-Reviews-John_s_of_12th_Street,810
d2704904-Reviews-Sarabeth_s_Tribeca,813
d2668056-Reviews-Beer_Authority,816
d2568665-Reviews-Rare_Bar_Grill,819
d546428-Reviews-Bond_45_Italian_Kitchen_Bar,822
d599670-Reviews-The_Spotted_Pig,825
d1982908-Reviews-Coppola_s,828
d528023-Reviews-Morning_Star_Restaurant,831
d3774368-Reviews-Bryant_Park_Grill,834
d524516-Reviews-Sam_s_Place,837
d425560-Reviews-Caviar_Russe,870
d4231744-Reviews-Epistrophy,873
d901659-Reviews-Cafe_Frida,876
d2057396-Reviews-Lido,879
d1319248-Reviews-Brasserie_1605_at_the_Crowne_Plaza_Times_Square,882
d1815439-Reviews-Hide_Chan_Ramen_Midtown_East,885
d1007850-Reviews-Sarabeth_s_Central_Park_South,888
d502502-Reviews-Le_Pain_Quotidien,891
d11759576-Reviews-Cardoncello_Divino,894
d424441-Reviews-Sardi_s_Restaurant,897
d423968-Reviews-Serafina_Fabulous_Pizza_79th,900
d734882-Reviews-Bodrum_Mediterranean_Restaurant,903
d495858-Reviews-Cafe_Un_Deux_Trois,906
d3152060-Reviews-Joe_G_s_Restaurant_Italiano,909
d2461026-Reviews-Porteno,912
d478354-Reviews-Lil_Frankie_s,915
d3979098-Reviews-Sarabeth_s_Park_Avenue_South,918
d3942978-Reviews-Pig_and_Khao,921
d502644-Reviews-Lips,924
d1048994-Reviews-Mercury_Bar,927
d2327635-Reviews-Sergimmo_Salumeria,930
d2238348-Reviews-Moonstruck_Diner,933
d2058414-Reviews-Burger_Barrel,936
d1318905-Reviews-Naya_Mezze_Grill,939
d459326-Reviews-Freddie_and_Pepper_s,942
d3962299-Reviews-Stella_34_Trattoria,945
d1435998-Reviews-Europa_Cafe,948
d2199591-Reviews-Il_Posto_Accanto,951
d477300-Reviews-Uncle_Jack_s_Steakhouse_Westside,954
d11445128-Reviews-NY_Luncheonette,957
d2513438-Reviews-STK_Midtown,990
d13199679-Reviews-Mom_s_Kitchen_Bar,993
d3958626-Reviews-Carbone,996
d497757-Reviews-Rice_N_Beans,999
d942342-Reviews-Dell_anima,1002
d5101938-Reviews-Pret_A_Manger,1005
d4570119-Reviews-The_Grange_Bar_Eatery,1008
d13422984-Reviews-St_Tropez_West_Village,1011
d890334-Reviews-Melba_s,1014
d423292-Reviews-Westville_West,1017
d2467214-Reviews-Amsterdam_Ale_House,1020
d3825965-Reviews-Treehaus,1023
d4765980-Reviews-Hendriks,1026
d1367988-Reviews-Sushi_of_Gari_46,1029
d1702261-Reviews-Brooklyn_Diner,1032
d457869-Reviews-Rosie_O_Grady_s,1035
d943906-Reviews-Pera_Mediterranean_Brasserie,1038
d1020161-Reviews-I_Sodi,1041
d424509-Reviews-Arno_Ristorante,1044
d5969789-Reviews-The_Jeffrey_Craft_Beer_Bar_and_Bites,1047
d423303-Reviews-Indochine,1050
d484730-Reviews-Dim_Sum_Go_Go,1053
d424514-Reviews-Gaby_Brasserie_Francaise,1056
d482186-Reviews-MarkJoseph_Steakhouse,1059
d6762770-Reviews-Rancho_Tequileria,1062
d459072-Reviews-Cara_Mia,1065
d1887411-Reviews-LAVO_Italian_Restaurant,1068
d6809343-Reviews-District_Tap_House,1071
d423276-Reviews-Periyali,1074
d478798-Reviews-Il_Corallo_Trattoria,1077
d479242-Reviews-Corner_Bistro,1110
d7194312-Reviews-Charlie_Palmer_Steak,1113
d1020824-Reviews-Bar_Boulud,1116
d1436045-Reviews-Raines_Law_Room,1119
d2405810-Reviews-Cask_Bar_Kitchen,1122
d6762280-Reviews-Bar_Primi,1125
d425439-Reviews-Speedy_Deli,1128
d10109066-Reviews-Covina,1131
d459335-Reviews-Sacco_Pizza,1134
d12265709-Reviews-The_Wild_Son,1137
d491116-Reviews-Bella_Blu,1140
d8773498-Reviews-Tacombi,1143
d424497-Reviews-Pergola_Des_Artistes,1146
d8745344-Reviews-L_amico,1149
d3397834-Reviews-The_Junction,1152
d1913266-Reviews-Inatteso_Pizzabar,1155
d14130542-Reviews-Boqueria,1158
d493676-Reviews-Ben_s_Kosher_Delicatessen_Restaurant_Caterers,1161
d1183869-Reviews-Apotheke,1164
d2191255-Reviews-Mike_s_Bistro,1167
d6439700-Reviews-Deep_Indian_Kitchen,1170
d13190565-Reviews-Shuka,1173
d1106322-Reviews-The_Campbell,1176
d13992658-Reviews-Samwon_Garden_Korean_BBQ,1179
d2645708-Reviews-Storico,1182
d502548-Reviews-Uno_Pizzeria_Grill,1185
d425677-Reviews-Jubilee,1188
d13206470-Reviews-Tonchin,1191
d1059715-Reviews-Thai_Market,1194
d12117652-Reviews-Friedman_s,1197
d4250201-Reviews-Sal_s_Little_Italy,1230
d424597-Reviews-Utsav_Restaurant,1233
d877054-Reviews-LA_SIRENE,1236
d1498330-Reviews-Salon_de_Ning_ROOFTOP,1239
d1051013-Reviews-Cosmic_Diner,1242
d2005360-Reviews-Wine_30,1245
d477341-Reviews-Tavern_on_Jane,1248
d2199293-Reviews-Il_caffe_latte,1251
d2327677-Reviews-GMT_Tavern,1254
d3654047-Reviews-Petit_Poulet,1257
d423776-Reviews-Nice_Matin,1260
d4680324-Reviews-Khe_Yo,1263
d7268132-Reviews-Emmett_s,1266
d424429-Reviews-Becco,1269
d3942959-Reviews-Barn_Joo,1272
d7751468-Reviews-La_Pizza,1275
d12193128-Reviews-KazuNori,1278
d816811-Reviews-Don_Filippo_Restaurant,1281
d3588744-Reviews-Scallywags_Irish_Pub_and_Restaurant,1284
d425512-Reviews-Woorijip,1287
d502699-Reviews-Old_Town_Bar,1290
d478623-Reviews-La_Mela_Ristorante,1293
d1021217-Reviews-P_J_Clarke_s_on_the_Hudson,1296
d425519-Reviews-Pax_Wholesome_Foods,1299
d12032882-Reviews-Blue_Ribbon_Federal_Grill,1302
d2328937-Reviews-P_J_Clarke_s,1305
d12643028-Reviews-Emily_West_Village,1308
d10728674-Reviews-Tacuba_Hell_s_Kitchen_Cantina_Mexicana,1311
d2665796-Reviews-Clyde_Frazier_s_Wine_and_Dine,1314
d8054900-Reviews-Trattoria_Bianca,1317
d646755-Reviews-Kefi,1350
d10435994-Reviews-Champion_Pizza,1353
d2477700-Reviews-Wolfgang_s_Steakhouse,1356
d425719-Reviews-DeGrezia_Ristorante,1359
d2387422-Reviews-Rattle_and_Hum,1362
d1880570-Reviews-Miss_Korea_BBQ,1365
d2654650-Reviews-The_Bar_Downstairs_and_Kitchen,1368
d9994561-Reviews-Mr_Taka_Ramen,1371
d445194-Reviews-Walker_s,1374
d484602-Reviews-Grand_Central_Oyster_Bar_Restaurant,1377
d490168-Reviews-Pig_Whistle_on_3rd,1380
d457837-Reviews-Rue_57,1383
d3220489-Reviews-La_Nonna_Restaurant,1386
d527810-Reviews-D_J_Reynolds,1389
d478336-Reviews-Malatesta_Trattoria,1392
d11859119-Reviews-Sauce_Barrel,1395
d424620-Reviews-Playwright_Celtic_Pub,1398
d425594-Reviews-La_Boite_en_Bois,1401
d6017530-Reviews-Root_Bone,1404
d423494-Reviews-Butter_Midtown,1407
d494864-Reviews-Harry_Cipriani,1410
d1310421-Reviews-Valhalla,1413
d9703501-Reviews-The_Flame_Diner,1416
d8362108-Reviews-ONE_Dine,1419
d7886191-Reviews-Smithfield_Hall,1422
d457159-Reviews-Bobby_Van_s_Steak_House,1425
d1878436-Reviews-Harry_s_Italian_Pizza_Bar,1428
d7260133-Reviews-Vic_s,1431
d13510432-Reviews-La_Parisienne,1434
d424105-Reviews-Novita,1437
d7614142-Reviews-The_Edge_Harlem,1470
d528021-Reviews-PJ_Carney_s,1473
d6622638-Reviews-Maison_Kayser,1476
d425838-Reviews-Gnocco,1479
d549317-Reviews-Smith_Wollensky,1482
d7054678-Reviews-Mokbar,1485
d4600118-Reviews-The_Bar_Room,1488
d527041-Reviews-Blue_Note,1491
d1228802-Reviews-Red_Lobster,1494
d941343-Reviews-Patsy_s_Pizzeria,1497
d613504-Reviews-Darbar,1500
d4919586-Reviews-Barbalu_Restaurant,1503
d2055165-Reviews-Cha_Pa_s_Noodles_Grill,1506
d5014475-Reviews-Peacefood_Cafe,1509
d502696-Reviews-Nyonya,1512
d1229836-Reviews-Macao_Trading_Co,1515
d10059835-Reviews-B_Squared,1518
d7715977-Reviews-Artichoke_Basille_s_Pizza,1521
d7617814-Reviews-Santina,1524
d502677-Reviews-Molly_s_Pub_Restaurant,1527
d549290-Reviews-Metro_Grill,1530
d4522078-Reviews-Bill_s_Bar_Burger,1533
d1367962-Reviews-Legends_New_York_City,1536
d663047-Reviews-MoMA_s_Cafe_2,1539
d8525316-Reviews-Five_Senses,1542
d7725139-Reviews-Izakaya_NoMad,1545
d459130-Reviews-Isle_of_Capri,1548
d778538-Reviews-Kashkaval,1551
d423684-Reviews-Fairway_Cafe,1554
d2235207-Reviews-Bistro_Vendome,1557
d5429901-Reviews-Reserve_Cut_at_The_Setai,1590
d5264010-Reviews-Iron_Bar_Lounge,1593
d13161123-Reviews-Don_Angie,1596
d425335-Reviews-El_Parador_Cafe,1599
d1020156-Reviews-Madison_Vine,1602
d423309-Reviews-Villa_Mosconi,1605
d3627274-Reviews-Top_Hops,1608
d2441382-Reviews-Nai_Tapas_Bar,1611
d445197-Reviews-Gradisca,1614
d502544-Reviews-Le_Pain_Quotidien,1617
d425327-Reviews-Rare_Chelsea,1620
d481117-Reviews-Cowgirl,1623
d1631526-Reviews-Dafni_Greek_Taverna,1626
d6513857-Reviews-Carroll_Place,1629
d1239725-Reviews-TBar,1632
d2369044-Reviews-Grimaldi_s,1635
d4609847-Reviews-Patsy_s_Pizzeria,1638
d7270154-Reviews-Cosme,1641
d457168-Reviews-Patsy_s_Pizza,1644
d479204-Reviews-Deux_AMIS,1647
d1145611-Reviews-Da_Gennaro_Restaurant,1650
d478025-Reviews-Patsy_s_Pizza_74th_Street,1653
d445202-Reviews-Milon_Restaurant,1656
d804601-Reviews-Iguana_New_York,1659
d8432669-Reviews-Bombay_Grill_House,1662
d1101423-Reviews-Luanne_s_Wild_Ginger,1665
d617221-Reviews-Olive_Garden,1668
d7007995-Reviews-Balvanera,1671
d425546-Reviews-O_Reilly_s_Pub_Restaurant,1674
d665237-Reviews-The_View_Restaurant_Lounge,1677
d423817-Reviews-Caravaggio_Restaurant,1710
d3354301-Reviews-The_Churchill,1713
d1318683-Reviews-Luna_Piena_Ristorante,1716
d13441221-Reviews-Tuscany_Steakhouse,1719
d4368763-Reviews-Candle_Cafe_West,1722
d7290098-Reviews-White_Oak_Tavern,1725
d477568-Reviews-Playwright_Tavern_Restaurant,1728
d2086216-Reviews-Empellon_Taqueria,1731
d3723408-Reviews-Draught_55,1734
d1455307-Reviews-Lillie_s_Victorian_Establishment,1737
d7156316-Reviews-Sant_Ambroeus,1740
d777088-Reviews-Perilla,1743
d423630-Reviews-Flor_De_Mayo_Restaurant,1746
d8724216-Reviews-Babbalucci,1749
d12652491-Reviews-Citizens_of_Chelsea,1752
d522615-Reviews-Peking_Duck_House,1755
d522731-Reviews-Z_Grill,1758
d7803725-Reviews-Hummus_and_Pita_Co,1761
d5271966-Reviews-Pepe_Rosso_Social,1764
d6615872-Reviews-Totto_Ramen,1767
d8113715-Reviews-Blackwell_s_Pub_and_Restaurant,1770
d459270-Reviews-Ryan_Maguire_s_Bar_Restaurant,1773
d425670-Reviews-Pescatore,1776
d459348-Reviews-Heidelberg_Restaurant,1779
d423456-Reviews-Sant_Ambroeus,1782
d2165922-Reviews-Zio_Ristorante,1785
d2516301-Reviews-Teddy_s_Bar_and_Grill,1788
d4716448-Reviews-Boulton_Watt,1791
d425411-Reviews-Abigael_s,1794
d424529-Reviews-Chimichurri_Grill,1797
d11924259-Reviews-Tim_Ho_Wan_East_Village,1830
d423498-Reviews-The_Mercer_Kitchen,1833
d9819607-Reviews-Mexicue,1836
d423313-Reviews-Sevilla_Restaurant_Bar,1839
d1008486-Reviews-Angel_s_Share,1842
d425360-Reviews-I_Trulli,1845
d12385942-Reviews-Ortzi_NYC,1848
d15811834-Reviews-Anytime,1851
d946843-Reviews-Cacio_e_Vino,1854
d3931216-Reviews-94_Corner_Cafe,1857
d4341857-Reviews-Starbucks,1860
d2416612-Reviews-Harlem_Tavern,1863
d3492789-Reviews-Haven_Rooftop,1866
d828732-Reviews-Ricardo_Steakhouse,1869
d1984268-Reviews-L_ybane,1872
d425382-Reviews-Dos_Caminos,1875
d423273-Reviews-Tartine,1878
d4882951-Reviews-Ivy_Bar_Grill,1881
d5888303-Reviews-Taverna_Kyclades_East_Village,1884
d953192-Reviews-Angelo_s_Pizza,1887
d7656463-Reviews-Bowery_Meat_Company,1890
d4284127-Reviews-The_Pickle_Guys,1893
d502523-Reviews-L_Express,1896
d423287-Reviews-Mas_farmhouse,1899
d423857-Reviews-Orsay,1902
d7251115-Reviews-Rosie_s,1905
d1077684-Reviews-Theatre_Row_Diner,1908
d1368171-Reviews-Brasserie_Cognac,1911
d1006704-Reviews-Serafina_Broadway,1914
d4819296-Reviews-Little_Italy_Pizza,1917
d423844-Reviews-Maya,1950
d802686-Reviews-Hard_Rock_Cafe,1953
d968454-Reviews-Bar_Italia,1956
d3639191-Reviews-Alfie_s,1959
d2256320-Reviews-Le_Pain_Quotidien,1962
d527029-Reviews-Bill_s_Townhouse,1965
d10123133-Reviews-The_Brazen_Tavern,1968
d8777807-Reviews-BoCaphe,1971
d8567192-Reviews-Dos_Caminos,1974
d2445412-Reviews-Hudson_Clearwater,1977
d7611362-Reviews-Maison_Kayser_UWS,1980
d1209043-Reviews-Cafe_28,1983
d1310752-Reviews-Don_t_Tell_Mama,1986
d9818571-Reviews-Pizzeria_Sirenetta,1989
d1846484-Reviews-Vapiano,1992
d2214563-Reviews-Eats,1995
d11807799-Reviews-Thursday_Kitchen,1998
d1308338-Reviews-Antonucci,2001
d3533122-Reviews-La_Piccola_Cucina,2004
d4410857-Reviews-Hummus_Kitchen,2007
d3660980-Reviews-Sotto_13,2010
d4026576-Reviews-Just_Salad,2013
d1504911-Reviews-The_Breslin,2016
d12523758-Reviews-Mont_Blanc_52,2019
d458215-Reviews-Frying_Pan_NYC,2022
d477490-Reviews-Shanghai_Cafe,2025
d1102968-Reviews-Laut,2028
d4418144-Reviews-Reichenbach_Hall,2031
d3294023-Reviews-Ajisen_Ramen,2034
d3730687-Reviews-San_Marino_Ristorante,2037
d519498-Reviews-EN_Japanese_Brasserie,2070
d5563674-Reviews-Bryant_Park_Cafe,2073
d1998389-Reviews-Balade,2076
d424581-Reviews-Barbetta,2079
d16832495-Reviews-Mercado_Little_Spain,2082
d12219849-Reviews-Kings_of_Kobe,2085
d4598884-Reviews-Tavern_29,2088
d6499608-Reviews-The_Simone,2091
d1819870-Reviews-Dos_Toros_Taqueria,2094
d6017523-Reviews-Bodega_Negra,2097
d8099787-Reviews-Timna,2100
d459250-Reviews-Le_Zie,2103
d2022394-Reviews-Brass_Monkey,2106
d5994897-Reviews-Toloache,2109
d502433-Reviews-Jules_Bistro,2112
d1459442-Reviews-Chipotle_Mexican_Grill,2115
d858108-Reviews-Palace_Restaurant,2118
d1591011-Reviews-Houndstooth_Pub,2121
d4997869-Reviews-Brunetti_Pizza,2124
d8403526-Reviews-Radio_City_Pizza,2127
d3140758-Reviews-Bettolona,2130
d10276659-Reviews-Ulivo,2133
d425775-Reviews-Lavagna,2136
d3139536-Reviews-Ca_Va_Todd_English,2139
d425586-Reviews-Il_Violino,2142
d12275221-Reviews-Empellon,2145
d2327181-Reviews-Salinas,2148
d2330528-Reviews-Thaimee_Table,2151
d423715-Reviews-Table_D_Hote,2154
d3923009-Reviews-Buddha_Bodai_Kosher_Vegetarian_Restaurant,2157
d7939538-Reviews-Scruffy_Duffys,2190
d425905-Reviews-B_H_Dairy,2193
d1965268-Reviews-The_National_Bar_Dining_Rooms,2196
d10172460-Reviews-Perrine,2199
d477317-Reviews-Tom_s_Restaurant,2202
d425796-Reviews-Mermaid_Inn,2205
d6472986-Reviews-Seasoned_Vegan,2208
d10485596-Reviews-Coco_Cru,2211
d641269-Reviews-STK_Downtown,2214
d479190-Reviews-Dos_Caminos,2217
d12507285-Reviews-Rahi,2220
d1884250-Reviews-Jeffrey_s_Grocery,2223
d527118-Reviews-Byblos_Restaurant,2226
d8011421-Reviews-Ping_s,2229
d950430-Reviews-Caliente_Cab,2232
d14085654-Reviews-ABCV,2235
d6404748-Reviews-Arco_Cafe,2238
d564882-Reviews-Akdeniz,2241
d423899-Reviews-The_Carlyle_Restaurant,2244
d7144624-Reviews-Bareburger_Financial_District,2247
d1466912-Reviews-Frankie_Johnnie_s_Steakhouse,2250
d457818-Reviews-Da_Nico_Ristorante_Manhattan_Location,2253
d4044822-Reviews-Whole_Foods_Market,2256
d2304311-Reviews-California_Pizza_Kitchen,2259
d3395313-Reviews-The_Strand_Bistro,2262
d2370537-Reviews-Wonton_Noodle_Garden,2265
d826578-Reviews-SuteiShi,2268
d4282198-Reviews-Hu_Kitchen,2271
d1766140-Reviews-Cafe_Katja,2274
d4539260-Reviews-Gallow_Green,2277
d9562115-Reviews-View_Of_The_World,2310
d423302-Reviews-El_Quijote,2313
d8010069-Reviews-Neapolitan_Express,2316
d12086879-Reviews-Urban_Vegan_Kitchen,2319
d10790120-Reviews-Osamil,2322
d4727280-Reviews-Dunhill_Cafe_Caterers,2325
d3315296-Reviews-Corner_Social,2328
d630223-Reviews-Gyu_Kaku_Japanese_BBQ,2331
d523328-Reviews-Dallas_BBQ,2334
d4355773-Reviews-Wah_Fung_Fast_Food,2337
d493604-Reviews-The_Pembroke_Room,2340
d1125833-Reviews-Vai,2343
d4128306-Reviews-Speedy_s_Fresh_Food_Cafe,2346
d7826424-Reviews-Vietnaam_Restaurant,2349
d10541802-Reviews-Megu,2352
d3683263-Reviews-Souvlaki_GR,2355
d534660-Reviews-Murphy_s_Tavern,2358
d424259-Reviews-Public,2361
d2392119-Reviews-Meme_Mediterranean,2364
d425343-Reviews-House_of_Lasagna,2367
d969874-Reviews-Good_Stuff_Diner,2370
d15398423-Reviews-NITTIS,2373
d6405799-Reviews-Bustan_NYC,2376
d423453-Reviews-Il_Cantinori,2379
d14165898-Reviews-Saar_Indian_Bistro,2382
d424392-Reviews-Amelia_s_Restaurant,2385
d4786890-Reviews-Mamasita_Bar_Grill,2388
d911157-Reviews-Daniela_Trattoria,2391
d4662655-Reviews-Barawine,2394
d528001-Reviews-Molly_Wee_Pub,2397
d1819981-Reviews-Famiglia_Pizzeria,2430
d484593-Reviews-Mangia,2433
d424527-Reviews-Lazzara_s_Pizza_Cafe,2436
d12501324-Reviews-Hole_In_The_Wall,2439
d12280220-Reviews-Society_Cafe,2442
d2006608-Reviews-Dos_Caminos,2445
d472537-Reviews-Waverly_Diner,2448
d4088038-Reviews-Applejack_Diner,2451
d3734303-Reviews-Tribeca_Bagels,2454
d8076056-Reviews-Paul_s_on_Times_Square,2457
d4831660-Reviews-The_East_Pole,2460
d788959-Reviews-EuroPan_Cafe,2463
d4037906-Reviews-Il_Mulino_New_York_Uptown,2466
d1984038-Reviews-Freds_Madison_Avenue,2469
d13960152-Reviews-Sabai_Thai_Restaurant,2472
d4796269-Reviews-Skyline_Gourmet_Deli,2475
d424631-Reviews-810_Deli_Incorporated,2478
d812252-Reviews-Sake_Bar_Hagi,2481
d13187589-Reviews-IPPUDO_5TH_AVENUE,2484
d9749792-Reviews-Excuse_My_French,2487
d7177534-Reviews-The_Bao,2490
d425638-Reviews-Cafe_Europa,2493
d425611-Reviews-Tick_Tock_Diner_NY,2496
d425592-Reviews-Petrossian_Boutique_Cafe,2499
d2715227-Reviews-Pearl_Street_Diner,2502
d5553621-Reviews-The_Drunken_Munkey,2505
d494424-Reviews-Smith_s_Bar_and_Restaurant,2508
d459109-Reviews-Via_Quadronno,2511
d425788-Reviews-Rosario_s_Pizzeria,2514
d4400141-Reviews-Distilled,2517
d508689-Reviews-Gee_Whiz_Diner,2550
d2249677-Reviews-Cornerstone_Cafe,2553
d2457102-Reviews-Vintry_Wine_and_Whiskey,2556
d459251-Reviews-Biricchino,2559
d527531-Reviews-Jeremy_s_Ale_House,2562
d528079-Reviews-Mulligan_s_Pub,2565
d502739-Reviews-Pasta_Lovers,2568
d12862694-Reviews-Sola_Pasta_Bar,2571
d423251-Reviews-Thalassa,2574
d3739105-Reviews-Pig_N_Whistle_On_36th,2577
d12019734-Reviews-Lilly_s_craft_and_kitchen,2580
d425669-Reviews-Chola,2583
d2582381-Reviews-Jean_Claude_2,2586
d9748641-Reviews-The_Pennsy,2589
d5111443-Reviews-Patiala_Indian_Grill,2592
d424543-Reviews-Russian_Samovar,2595
d2020818-Reviews-The_Crosby_Bar,2598
d2628991-Reviews-Asuka_Japanese_Fusion_Lounge,2601
d3544463-Reviews-Galli,2604
d2654896-Reviews-Thyme_Tonic,2607
d8670748-Reviews-Bareburger_Columbus_Circle,2610
d785960-Reviews-Nomad_Restaurant,2613
d3346707-Reviews-Outback_Steakhouse,2616
d4176078-Reviews-Little_Prince,2619
d4855381-Reviews-Le_Baratin,2622
d9598675-Reviews-San_Matteo_Pizzeria_e_Cucina,2625
d12416413-Reviews-The_Horny_Ram,2628
d527811-Reviews-McGee_s_Pub_Restaurant,2631
d3292522-Reviews-Feile,2634
d2519496-Reviews-Le_Pain_Quotidien,2637
d13214506-Reviews-Gino_Sorbillo_Pizzeria,2670
d951819-Reviews-Benny_s_Burritos,2673
d8424752-Reviews-Bono_Trattoria,2676
d1097665-Reviews-Landmarc_Restaurant,2679
d3227003-Reviews-Bohemian,2682
d13203586-Reviews-Nusr_Et_Steakhouse,2685
d10593702-Reviews-Indian_Project,2688
d657940-Reviews-The_Grill,2691
d5667756-Reviews-Minton_s,2694
d2005354-Reviews-Tulsi,2697
d2405887-Reviews-Catch_NYC,2700
d3189982-Reviews-Blue_Ribbon_Sushi_Izakaya,2703
d4114421-Reviews-Vinateria,2706
d5002599-Reviews-JG_Melons,2709
d1992261-Reviews-Bailey_Pub_and_Brasserie,2712
d2642965-Reviews-Jin_Ramen,2715
d6017528-Reviews-Boqueria,2718
d423993-Reviews-Tiella,2721
d15813869-Reviews-Biga,2724
d6673642-Reviews-John_Sullivan_s_Bar_Grill,2727
d2361391-Reviews-BXL_East,2730
d527975-Reviews-Dig,2733
d2446722-Reviews-Omar_s_Kitchen_Bakery,2736
d2659718-Reviews-Shrine_Bar,2739
d2298446-Reviews-Qi_Thai_Comfort_Food,2742
d2476004-Reviews-Corkbuzz,2745
d7010883-Reviews-Jasper_s_Taphouse,2748
d916139-Reviews-Ravagh_Persian_Grill,2751
d3250973-Reviews-Brother_Jimmy_s_BBQ,2754
d6903553-Reviews-Racines,2757
d457886-Reviews-Old_Homestead_Steakhouse,2790
d1155898-Reviews-Dallas_BBQ_Times_Square,2793
d10787221-Reviews-Broadstone_Bar_Kitchen,2796
d7089644-Reviews-Morton_s_The_Steakhouse,2799
d1109619-Reviews-Sanctuary_T,2802
d7819953-Reviews-Mamo_Restaurant,2805
d482185-Reviews-JoJo,2808
d424542-Reviews-Croton_Reservoir_Tavern,2811
d502679-Reviews-Montebello,2814
d4161735-Reviews-SakaMai,2817
d542576-Reviews-Wolf_Lamb_Steakhouse,2820
d424244-Reviews-Hop_Kee_Restaurant,2823
d1518994-Reviews-Gabby_O_Hara_s,2826
d6889144-Reviews-Bocca_Di_Bacco,2829
d2320733-Reviews-Obica_Mozzarella_Bar_Madison_Avenue,2832
d6656655-Reviews-Serafina_Always,2835
d8735462-Reviews-Joe_Jr,2838
d12094286-Reviews-Madame_Vo,2841
d13082326-Reviews-Hwa_Yuan,2844
d502545-Reviews-Le_Pain_Quotidien,2847
d479176-Reviews-Elephant_Castle,2850
d1318181-Reviews-Bistecca_Fiorentina,2853
d12247765-Reviews-Majorelle,2856
d8805813-Reviews-Dan_and_John_s_Wings,2859
d7250407-Reviews-Claw_Daddy_s,2862
d6720963-Reviews-Le_Pain_Quotidien,2865
d1498402-Reviews-Le_Pain_Quotidien,2868
d424617-Reviews-Le_Marais,2871
d4766650-Reviews-Charlie_Bird,2874
d819583-Reviews-Bobo,2877
d1047741-Reviews-Buceo_95,2910
d1910514-Reviews-SPUNTO_THIN_CRUST_PIZZA,2913
d423841-Reviews-Amaranth_Restaurant,2916
d10067266-Reviews-Fumo_Pizza_Bar_Pasta,2919
d3295652-Reviews-Star_on_18,2922
d1510675-Reviews-The_Half_Pint,2925
d10062919-Reviews-Crave_Fishbar_Upper_West,2928
d479192-Reviews-Don_Giovanni_Ristorante,2931
d4596798-Reviews-Larb_Ubol,2934
d15053675-Reviews-John_s_Pizzeria,2937
d2398502-Reviews-Harney_Sons_Soho,2940
d11696889-Reviews-Fish_Cheeks,2943
d6995419-Reviews-Vino_Levantino,2946
d1473734-Reviews-Blue_Bar,2949
d5065998-Reviews-Connolly_s_Pub_Restaurant,2952
d4413355-Reviews-Feast,2955
d425398-Reviews-Cipriani_Dolci,2958
d6888608-Reviews-Whole_Foods_Market,2961
d10093661-Reviews-Under_The_Bridge,2964
d5041840-Reviews-Bucca_Di_Beppo,2967
d4410972-Reviews-Anassa_Taverna,2970
d425326-Reviews-El_Pote_Espanol,2973
d2579898-Reviews-Earl_s_Beer_and_Cheese,2976
d3731680-Reviews-Ethos_Gallery_51,2979
d9872223-Reviews-Bedford_Co,2982
d1465849-Reviews-Broadway_Lounge_Terrace,2985
d7291696-Reviews-Almanac,2988
d5540641-Reviews-The_Meatball_Shop,2991
d6892681-Reviews-Times_Deli_Cafe,2994
d3210314-Reviews-Arabesque,2997
d424098-Reviews-Sobaya,3030
d5494833-Reviews-The_Greek_Tribeca,3033
d4271306-Reviews-Oda_House,3036
d8374522-Reviews-The_Ribbon,3039
d524523-Reviews-Turkish_Cuisine,3042
d1771043-Reviews-Takashi,3045
d1992311-Reviews-Highlands,3048
d12036494-Reviews-Ousia,3051
d3389721-Reviews-IL_Baretto,3054
d779099-Reviews-Tarallucci_e_Vino_Union_Square,3057
d3515335-Reviews-H_H_Bagels,3060
d1504829-Reviews-Pegu_Club,3063
d2587605-Reviews-Randolph_s_Bar_Lounge,3066
d481113-Reviews-Bella_Luna,3069
d543319-Reviews-Posto,3072
d13953414-Reviews-BH_Kitchen_Bar,3075
d2302311-Reviews-Big_Nick_s_Pizza_Joint,3078
d861054-Reviews-Ulysses,3081
d13075165-Reviews-By_CHLOE_Rock_Center,3084
d2668007-Reviews-Neta,3087
d424695-Reviews-Oldcastle_Pub_Restaurant,3090
d3195389-Reviews-Dulce_Vida_Latin_Bistro,3093
d8808807-Reviews-Blue_Seafood_Bar,3096
d2362361-Reviews-456_Shanghai_Cuisine,3099
d6453676-Reviews-Narcissa,3102
d1518800-Reviews-Berimbau_Brazilian_Kitchen,3105
d6872546-Reviews-Ristorante_Altesi,3108
d11831209-Reviews-Barcade,3111
d2643158-Reviews-121_Fulton_Street_Restaurant,3114
d10859576-Reviews-Villard,3117
d7363868-Reviews-Delice_Sarrasin,3150
d534297-Reviews-Mimi_s_Restaurant,3153
d2676181-Reviews-Ootoya,3156
d5014527-Reviews-BLVD_Bistro,3159
d2688290-Reviews-Bobwhite_Lunch_and_Supper_Counter,3162
d478311-Reviews-Meson_Sevilla,3165
d1367974-Reviews-Tre,3168
d2637786-Reviews-The_Smile,3171
d4855335-Reviews-Aroy_Dee_Thai_Kitchen,3174
d1468028-Reviews-Sojourn,3177
d6778108-Reviews-T45_Restaurant,3180
d9792600-Reviews-Spaghetti_Incident,3183
d491091-Reviews-Bar_Six,3186
d423812-Reviews-Club_Macanudo,3189
d17826681-Reviews-Pastis,3192
d6528991-Reviews-Contra,3195
d3795262-Reviews-Delmonico_s_Kitchen,3198
d4406608-Reviews-Felice_64,3201
d423289-Reviews-AGAVE,3204
d19872195-Reviews-Terra,3207
d549286-Reviews-The_Palm_Court,3210
d3617715-Reviews-Ciao_Bella,3213
d8814824-Reviews-Han_Dynasty,3216
d502662-Reviews-The_Mark_Restaurant_by_Jean_Georges,3219
d7983594-Reviews-La_Villetta,3222
d1544988-Reviews-A_O_C_L_aile_ou_la_Cuisse,3225
d8821053-Reviews-Jin_Ramen_Uws,3228
d425350-Reviews-Cafe_Centro,3231
d2281666-Reviews-Malaparte,3234
d1082608-Reviews-Death_Co,3237
d10794291-Reviews-Eataly_NYC_Downtown,3270
d555948-Reviews-Great_NY_Noodletown,3273
d423648-Reviews-Gennaro_Restaurant,3276
d1091035-Reviews-Nanoosh,3279
d12187827-Reviews-Lokal_Mediterranean_kitchen,3282
d18850646-Reviews-Pasta_Eater,3285
d673366-Reviews-Sushi_Damo_Damo,3288
d10736062-Reviews-The_Flying_Cock,3291
d527498-Reviews-Ichiumi,3294
d2520861-Reviews-Kabooz_s_Bar_and_Grill,3297
d3924330-Reviews-Buca_di_Beppo_Italian_Restaurant,3300
d937423-Reviews-Settepani,3303
d967634-Reviews-Cafe_Metro,3306
d549289-Reviews-Minca_Ramen,3309
d1835908-Reviews-Dylan_s_Candy_Bar,3312
d6844692-Reviews-Grand_Banks,3315
d1368273-Reviews-The_Palm_Tribeca,3318
d3809350-Reviews-Essen_Slow_Fast_Food,3321
d12541041-Reviews-Banter,3324
d478342-Reviews-Lupe_s_East_LA_Kitchen,3327
d7736371-Reviews-Cafe_Clover,3330
d842030-Reviews-Ammos_Estiatorio,3333
d425680-Reviews-Ristorante_Grifone,3336
d425682-Reviews-Neary_s,3339
d3535861-Reviews-The_Malt_House,3342
d1596365-Reviews-Bhatti_Indian_Grill,3345
d8403600-Reviews-Saravanaa_Bhavan,3348
d423440-Reviews-Fedora_Restaurant,3351
d8519917-Reviews-Roof_Garden_Cafe_and_Martini_Bar,3354
d1180882-Reviews-Yerba_Buena,3357
d1020454-Reviews-Madangsui_Korean_BBQ_Restaurant,3390
d794077-Reviews-Aburiya_Kinnosuke,3393
d12145590-Reviews-Essen_Slow_Fast_Food,3396
d3932567-Reviews-Pennsylvania_6_NYC,3399
d2414445-Reviews-A_A_Jing,3402
d5327183-Reviews-Zagara,3405
d423532-Reviews-The_Waverly_Inn_and_Garden,3408
d2535799-Reviews-Left_Bank,3411
d11641764-Reviews-The_Grey_Dog_West_Village,3414
d424009-Reviews-Ajisai_Japanese_Restaurant,3417
d4099987-Reviews-New_Amsterdam_Burger_Bar,3420
d1995162-Reviews-Lallisse_Mediterranean_Wine_Food,3423
d946885-Reviews-XO_Kitchen,3426
d1011205-Reviews-Sala_One_Nine,3429
d11793460-Reviews-Turntable_Chicken_Jazz,3432
d3625563-Reviews-Noodies_Thai_Kitchen,3435
d3627623-Reviews-Mezetto,3438
d1911257-Reviews-Mother_Burger,3441
d10508610-Reviews-Kellogg_s_NYC,3444
d459077-Reviews-Pomodoro,3447
d1898394-Reviews-Mel_s_Burger_Bar,3450
d5108674-Reviews-Hello_Deli,3453
d1831018-Reviews-Zengo,3456
d459125-Reviews-El_Rio_Grande,3459
d4398761-Reviews-Au_Bon_Pain,3462
d6384192-Reviews-Ramen_Thukpa,3465
d549321-Reviews-The_Russian_Tea_Room,3468
d477314-Reviews-Trattoria_Dante_Caffe_Dante,3471
d425818-Reviews-Gruppo,3474
d1985970-Reviews-The_Wheeltapper_Pub,3477
d14131097-Reviews-Haswell_Green,3510
d1367951-Reviews-Dhaba,3513
d3158600-Reviews-The_Pig_Whistle,3516
d425387-Reviews-Hakubai,3519
d2546774-Reviews-Delmonico_NYC,3522
d10165930-Reviews-Till_Sprocket,3525
d628674-Reviews-Papillon_Bistro_Bar,3528
d4294481-Reviews-Hell_s_Chicken,3531
d4551128-Reviews-Giuseppe_s_Pizza,3534
d457888-Reviews-Jing_Fong_Restaurant,3537
d15035908-Reviews-Sala_Thai,3540
d3546657-Reviews-Blue_Dog_Kitchen,3543
d2356197-Reviews-Yatenga_French_Bistro_and_Bar,3546
d7221913-Reviews-Cotenna,3549
d13194792-Reviews-Ben_Jack_s_Steakhouse,3552
d2582063-Reviews-Tortaria,3555
d21410713-Reviews-La_Grande_Boucherie,3558
d5327176-Reviews-American_Cut_Steakhouse_Tribeca,3561
d1862364-Reviews-Wolfgang_s_Steakhouse_Midtown_54th_Street,3564
d2248394-Reviews-El_Porron,3567
d1027258-Reviews-Spitzer_s_Corner,3570
d4635681-Reviews-Hale_and_Hearty_Soup,3573
d1182433-Reviews-Brandy_Library,3576
d2007821-Reviews-Bella_Vita_Pizzeria_Trattoria,3579
d1998270-Reviews-BV_s_Burger,3582
d4810308-Reviews-Il_Forno,3585
d521117-Reviews-Pietro_s,3588
d496597-Reviews-Cafe_Europa_Sixth_Ave,3591
d4107483-Reviews-Bar_Ciccio_Alimentari,3594
d4795370-Reviews-Bassanova_Ramen,3597
d1006674-Reviews-Marie_s_Crisis,3630
d478295-Reviews-Moustache,3633
d12176861-Reviews-The_Meatball_Shop,3636
d425616-Reviews-Hale_and_Hearty_Soups_56th_Street,3639
d3257563-Reviews-St_James_Gate,3642
d8864296-Reviews-High_Street_on_Hudson,3645
d811384-Reviews-Bonchon_Chicken_NYC_32nd_St,3648
d4107297-Reviews-Hanjan,3651
d8800561-Reviews-Fresh_Co,3654
d2432391-Reviews-Tabata_Noodle,3657
d3536726-Reviews-Gossip_Bar_Restaurant,3660
d1749407-Reviews-Petrarca_Cucina_e_Vino,3663
d10067142-Reviews-District_Social,3666
d3349416-Reviews-Moti_Mahal_Delux,3669
d6586478-Reviews-Angus_Club_Steakhouse,3672
d2531283-Reviews-Crossroads_American_Kitchen_Bar,3675
d528028-Reviews-The_Triple_Crown_Ale_House_Restaurant,3678
d12513046-Reviews-Troquet,3681
d12879177-Reviews-Tacombi_Flatiron,3684
d10736997-Reviews-Denino_s_Greenwich_Village,3687
d424275-Reviews-Nha_Trang_One,3690
d8147122-Reviews-Oiji,3693
d7908166-Reviews-Noreetuh,3696
d424307-Reviews-Onieal_s_Restaurant,3699
d952664-Reviews-Ollie_s_Sichuan_Restaurant,3702
d3854204-Reviews-Grey_Bar_Restaurant,3705
d3523521-Reviews-The_Quarter,3708
d4419700-Reviews-Hampton_Chutney_Co,3711
d5562303-Reviews-Bloom_s_Tavern,3714
d496045-Reviews-Cipriani_Downtown,3717
d6672883-Reviews-Chef_Pam_Real_Thai,3750
d459100-Reviews-Trattoria_Belvedere,3753
d4271577-Reviews-Turco,3756
d423939-Reviews-Eat_Here_Now,3759
d495362-Reviews-San_Pietro_Ristorante,3762
d2399065-Reviews-Sauce,3765
d10082986-Reviews-Soba_Noodle_Azuma,3768
d627286-Reviews-Trestle_on_Tenth,3771
d2659593-Reviews-Village_Taverna,3774
d1368236-Reviews-The_Garden_at_The_Four_Seasons,3777
d424424-Reviews-Meske,3780
d1887403-Reviews-Tasty_Dumpling,3783
d3574147-Reviews-Westville_East,3786
d5264187-Reviews-Toro,3789
d802714-Reviews-Barrio_Chino,3792
d12281642-Reviews-Chef_s_Table_To,3795
d1209044-Reviews-Ruby_Tuesday,3798
d5419092-Reviews-Pippali,3801
d491014-Reviews-The_Water_Club,3804
d13167621-Reviews-Butcher_Banker_NYC,3807
d12342487-Reviews-Avena,3810
d1984016-Reviews-Mole_Restaurante_Mexicano_Tequileria,3813
d12896591-Reviews-Wafels_Dinges,3816
d423358-Reviews-Japonica,3819
d479178-Reviews-El_Malecon_Restaurant,3822
d4454799-Reviews-Cafe_Metro,3825
d10258518-Reviews-Patrizia_s_of_Manhattan,3828
d423794-Reviews-Sushi_of_Gari,3831
d423310-Reviews-Volare,3834
d3702544-Reviews-Niu_Noodle_House,3837
d457882-Reviews-Lucky_Strike_Manhattan,3870
d522721-Reviews-Trump_Tower_Bar_and_Grill,3873
d425386-Reviews-Barbes_Restaurant,3876
d6884542-Reviews-Milo_s_Cafe,3879
d1164935-Reviews-Cafe_Select,3882
d2328042-Reviews-Rumours_Pub,3885
d4052979-Reviews-Chop_t_Creative_Salad,3888
d480966-Reviews-Frank,3891
d7894801-Reviews-Black_Sushi,3894
d10226296-Reviews-Beacon_Bar,3897
d13197531-Reviews-The_Butcher_s_Daughter,3900
d10299551-Reviews-PN_Wood_Fired_Pizza,3903
d8554089-Reviews-Torishin,3906
d1817574-Reviews-Cascabel_Taqueria_East,3909
d4465855-Reviews-Groove,3912
d8749990-Reviews-Bodhi_Kosher_Vegan_Sushi_Dim_Sum_Restaurant,3915
d424314-Reviews-Takahachi_Tribeca_Restaurant,3918
d1023229-Reviews-Soba_Totto,3921
d8073417-Reviews-Broadway_Deli_and_Cafe,3924
d789243-Reviews-Kanoyama,3927
d7939996-Reviews-Barnes_Noble_Bookstore_Cafe,3930
d8811103-Reviews-Esanation,3933
d9975809-Reviews-Bread_Butter,3936
d457162-Reviews-Le_Singe_Vert,3939
d8730666-Reviews-Totto_Ramen,3942
d3962271-Reviews-Boqueria_Tapas_Bar,3945
d2444840-Reviews-Udon_West,3948
d423486-Reviews-Hale_and_Hearty_Soups_Ninth_Avenue,3951
d7028366-Reviews-San_Marzano,3954
d1998521-Reviews-Slattery_s_Midtown_Pub,3957
d3622260-Reviews-Washington_Square_Diner,3990
d1395753-Reviews-Chez_Lucienne,3993
d1547929-Reviews-Nam_Son_Vietnamese_Restaurant,3996
d7658774-Reviews-Ihop,3999
d476861-Reviews-Deluxe_Green_Bo_Restaurant,4002
d10382971-Reviews-Dizengoff,4005
d3537374-Reviews-Aria,4008
d423843-Reviews-Sushi_Seki,4011
d5027040-Reviews-The_Cecil_Restaurant,4014
d425696-Reviews-Dawat_Haute_Indian_Cuisine,4017
d7079519-Reviews-Characters_Grill,4020
d17397573-Reviews-Gayle_s_Broadway_Rose,4023
d10694759-Reviews-4_Charles_Prime_Rib,4026
d1574769-Reviews-La_Nacional_Restaurant,4029
d3736845-Reviews-La_Bellezza,4032
d10116548-Reviews-Cafe_Altro_Paradiso,4035
d425366-Reviews-Naples_45_Ristorante_E_Pizzeria,4038
d4249148-Reviews-Chipotle_Mexican_Grill,4041
d4369763-Reviews-Somtum_Der,4044
d3479986-Reviews-Little_Poland_Restaurant,4047
d423676-Reviews-Santa_FE_Restaurant,4050
d424301-Reviews-Landmarc,4053
d11687087-Reviews-Flora_Bar,4056
d967660-Reviews-Pax_wholesome_food,4059
d8813951-Reviews-Sons_of_Thunder,4062
d7618219-Reviews-La_Loteria,4065
d527339-Reviews-Cafe_Eighty_Two,4068
d13325717-Reviews-Thai72,4071
d6640388-Reviews-Balzem,4074
d12715119-Reviews-Divya_s_Kitchen,4077
d3341977-Reviews-2nd_Avenue_Deli_and_2nd_Floor_Bar_Essen,4110
d423666-Reviews-Arte_Cafe,4113
d6949999-Reviews-Cosi,4116
d10108283-Reviews-Empanada_Mama_LES,4119
d2444004-Reviews-Stone_Street_Tavern,4122
d3819906-Reviews-Tarallucci_E_Vino_Upper_West_Side,4125
d874003-Reviews-15_East_Restaurant,4128
d10779799-Reviews-L_Appart,4131
d2254275-Reviews-Piccolo_Cafe,4134
d1201442-Reviews-Socarrat_Paella_Bar_Chelsea,4137
d2432489-Reviews-Maharlika,4140
d10606987-Reviews-Market_Crates,4143
d4231550-Reviews-The_Bread_Factory_Cafe_Gio_s_Pizza,4146
d1368259-Reviews-Wolfgang_s_Steakhouse_Tribeca,4149
d1144538-Reviews-Alcala_Restaurant,4152
d534211-Reviews-JR_Restaurant,4155
d5494013-Reviews-Nathan_s_Famous,4158
d524863-Reviews-Mr_Broadway,4161
d3782325-Reviews-Bravo_Pizza,4164
d479289-Reviews-Chez_Napoleon,4167
d8684089-Reviews-Avant_Garden,4170
d425667-Reviews-Bukhara_Grill,4173
d1368231-Reviews-Bobby_Van_s_Steakhouse_54th_Street,4176
d524345-Reviews-Madison_Restaurant_First_Ave,4179
d423248-Reviews-Cafe_Loup,4182
d425416-Reviews-Jaiya_Thai,4185
d1098397-Reviews-Pio_Pio_7,4188
d11539205-Reviews-SUGARFISH_by_sushi_nozawa,4191
d424503-Reviews-Dishes,4194
d423821-Reviews-Campagnola_Restaurant,4197
d423813-Reviews-Mon_Petit_Cafe_Inc,4230
d5063758-Reviews-Bread_Honey,4233
d5032812-Reviews-Murray_Hill_Market,4236
d1978102-Reviews-Ofrenda,4239
d2421041-Reviews-Ruchi,4242
d533514-Reviews-Tang_Pavilion,4245
d425565-Reviews-Gabriel_s,4248
d9587057-Reviews-Row_House,4251
d424525-Reviews-Esca,4254
d15840229-Reviews-Patrick_s_Restaurant,4257
d15873406-Reviews-Ortomare_Ristorante_Pizzeria,4260
d8397403-Reviews-Yakiniku_Futago,4263
d969549-Reviews-American_Girl_Place_New_York_Cafe,4266
d2086780-Reviews-Wild_Ginger,4269
d423378-Reviews-Giorgione,4272
d2570348-Reviews-IHOP,4275
d1724974-Reviews-Black_Shack_Burger,4278
d423652-Reviews-Cesca,4281
d4495145-Reviews-Tina_s_Cuban_Cuisine,4284
d10607083-Reviews-Snax_Spot,4287
d5031531-Reviews-Han_Dynasty,4290
d8492567-Reviews-Juniper_Bar,4293
d9723464-Reviews-Momofuku_Nishi,4296
d3386916-Reviews-Cafe_Petisco,4299
d4420772-Reviews-Lexington_pizza_parlor,4302
d4459589-Reviews-Hummus_Kitchen,4305
d4156803-Reviews-Squires_Diner,4308
d2321436-Reviews-Porsena,4311
d13200004-Reviews-Whole_Foods_Market,4314
d1109605-Reviews-Bobby_Van_s_Steakhouse_Grill,4317
d4971515-Reviews-Cantina_Taqueria_Tequila_Bar,4350
d916137-Reviews-Restaurant_Riki,4353
d13271750-Reviews-The_Aviary,4356
d4516861-Reviews-Cafe_Oliviero,4359
d3838710-Reviews-Malai_Marke,4362
d479239-Reviews-Cozy_Soup_Burger,4365
d7616205-Reviews-Adoro_Lei,4368
d3821405-Reviews-Picasso_Pizza,4371
d5066750-Reviews-The_Ritz_Carlton_New_York,4374
d2660148-Reviews-Pho_Pasteur,4377
d13954160-Reviews-Coco_Pazzo,4380
d1985893-Reviews-Seven_Hills_Mediterranean_Grill,4383
d799760-Reviews-Sushi_You,4386
d12342816-Reviews-Keste,4389
d423317-Reviews-Wallse,4392
d423777-Reviews-Giovanni_Venti_Cinque,4395
d611412-Reviews-A_Voce,4398
d5592084-Reviews-Rasa,4401
d7614144-Reviews-La_Stanza,4404
d7204670-Reviews-Dear_Irving,4407
d13390996-Reviews-Union_Square_Burger,4410
d4245564-Reviews-Hummus_Place,4413
d459257-Reviews-Mudville9,4416
d1367985-Reviews-Sombrero_Mexican,4419
d14191669-Reviews-Simo,4422
d1051088-Reviews-Shalel_Kitchen_Bar,4425
d1628653-Reviews-Nelson_Blue,4428
d457859-Reviews-44_Southwest_Ristorante_Bar,4431
d7790161-Reviews-Caffe_Dei_Fiori,4434
d4088064-Reviews-Tal_Bagel,4437
d423797-Reviews-Scalinatella_Restaurant,4470
d11843586-Reviews-Allora_Ristorante,4473
d425593-Reviews-Masa,4476
d520559-Reviews-The_Mad_Hatter_Saloon,4479
d2190926-Reviews-Chelsea_Square_Restaurant,4482
d927282-Reviews-Jazz_at_Kitano,4485
d4080738-Reviews-Aux_Epices,4488
d425862-Reviews-La_Palapa,4491
d2035627-Reviews-Da_Mikele,4494
d5003759-Reviews-Subway,4497
d8394574-Reviews-Korali,4500
d3964341-Reviews-Bar_Sardine,4503
d2560199-Reviews-Parm_NYC,4506
d3786278-Reviews-99_Cent_Express_Pizza,4509
d423793-Reviews-Persepolis,4512
d8397637-Reviews-Charlie_Palmer_at_The_Knick,4515
d425505-Reviews-Baby_Bo_s_Cantina,4518
d12965112-Reviews-Kubeh,4521
d445662-Reviews-Yuca_Bar,4524
d484617-Reviews-Half_King,4527
d5825911-Reviews-Cibo_e_Vino,4530
d6702903-Reviews-Awadh,4533
d1971822-Reviews-Asellina,4536
d479386-Reviews-Ali_Baba_Turkish_Cuisine,4539
d4809101-Reviews-Piccolo_Cafe,4542
d1318088-Reviews-Amber_Upper_West,4545
d16851902-Reviews-Wild_ink,4548
d1953860-Reviews-The_Brindle_Room,4551
d10331964-Reviews-Little_Italy_Pizza,4554
d4038919-Reviews-Mira_Sushi_Izakaya,4557
d12163154-Reviews-Daily_Provisions,4590
d3187482-Reviews-Au_Bon_Pain,4593
d4251223-Reviews-Le_Pain_Quotidien,4596
d423647-Reviews-Haru_Sushi,4599
d2230784-Reviews-Uncle_Gussy_s,4602
d3562392-Reviews-The_Nuaa,4605
d445206-Reviews-Bricco_Restaurant,4608
d425353-Reviews-Vatan,4611
d7390686-Reviews-El_Luchador,4614
d527754-Reviews-Chelsea_Grill,4617
d457884-Reviews-Golden_Unicorn_Restaurant,4620
d7088652-Reviews-Hudson_Malone,4623
d4014111-Reviews-Chop_Shop,4626
d776995-Reviews-Sfoglia,4629
d6017519-Reviews-Huertas,4632
d10307515-Reviews-St_Patrick_s_Bar_and_Grill,4635
d7269351-Reviews-La_Tarte_Flambee,4638
d799429-Reviews-Degustation,4641
d16713744-Reviews-Au_Cheval,4644
d2444069-Reviews-Hotel_Chantelle,4647
d7897066-Reviews-Sukhumvit_51,4650
d457790-Reviews-Lombardi_s,4653
d423946-Reviews-Mezzaluna,4656
d3347952-Reviews-Yefsi_Estiatorio,4659
d3533105-Reviews-Townhouse_Diner,4662
d423885-Reviews-Serafina_Fabulous_Pizza,4665
d3360466-Reviews-Sfilatino_Italian_Gourmet,4668
d2253644-Reviews-Ardesia_Wine_Bar,4671
d9788863-Reviews-Stout_Grand_Central,4674
d423400-Reviews-Restivo_Ristorante,4677
d13504265-Reviews-Boucherie_Union_Square,0
d457808-Reviews-Daniel,3
d2345886-Reviews-Jungsik,6
d549201-Reviews-The_Modern,9
d479337-Reviews-Bleecker_Street_Pizza,12
d4737024-Reviews-5_Napkin_Burger_Hell_s_Kitchen,15
d423640-Reviews-Barney_Greengrass,18
d808894-Reviews-Tree_Bistro,21
d4363835-Reviews-Piccola_Cucina_Osteria,24
d1731141-Reviews-Piccola_Cucina,27
d5937621-Reviews-Obao,30
d1878682-Reviews-Olio_e_Piu,33
d12874338-Reviews-Los_Tacos_No_1,36
d3191154-Reviews-Bagels_Schmear,39
d7890999-Reviews-Kuu_Ramen,42
d808386-Reviews-Eileen_s_Special_Cheesecake,45
d3948791-Reviews-Broadway_Bagel,48
d2563134-Reviews-Best_Bagel_and_Coffee,51
d14179830-Reviews-Liberty_Bagels_Midtown,54
d8021263-Reviews-Rustic_Table,57
d3603515-Reviews-Spice_Symphony,78
d7284388-Reviews-Mei_Jin_Ramen,81
d10165896-Reviews-SottoCasa_Pizzeria,84
d10778920-Reviews-City_Vineyard,87
d7814915-Reviews-Loi_Estiatorio,90
d10145683-Reviews-Petite_Boucherie,96
d12383830-Reviews-Spice_Symphony,99
d3263717-Reviews-Obao_Noodles_Bbq,105
d7617787-Reviews-K_Rico_Steakhouse,108
d11918545-Reviews-Boucherie_West_Village,114
d11876357-Reviews-Norma,117
d7078660-Reviews-B_Side_Pizzeria,123
d8319600-Reviews-Song_E_Napule,129
d2099173-Reviews-Pure_Thai_Cookhouse,132
d10032108-Reviews-San_Carlo_Osteria_Piemonte,135
d12425739-Reviews-Piccola_Cucina_Estiatorio,138
d424434-Reviews-Le_Bernardin,141
d901589-Reviews-Buenos_Aires,144
d1072874-Reviews-Numero_28_Pizzeria,180
d7910543-Reviews-Beyond_Sushi,183
d8144717-Reviews-Ora_Di_Pasta,186
d1143073-Reviews-Bemelmans_Bar,189
d478026-Reviews-Patsy_s_Italian_Restaurant,192
d425628-Reviews-Per_Se,195
d424246-Reviews-Scalini_Fedeli,198
d12990804-Reviews-Tomino_Taberna_Gallega,201
d3756310-Reviews-Cocotte,204
d2212145-Reviews-Whiskey_Tavern,210
d12015308-Reviews-Royal_35_Steakhouse,213
d8483826-Reviews-Gabriel_Kreuther,216
d4101797-Reviews-Nerai,219
d11356100-Reviews-Thai_Villa,225
d4721694-Reviews-Izakaya_MEW,228
d478965-Reviews-Gallagher_s_Steak_House,231
d8534818-Reviews-Ocean_Prime,234
d811567-Reviews-Momofuku_Ko,237
d5059946-Reviews-John_s_Coffee_Shop,240
d2165918-Reviews-Patzeria_Family_Friends,243
d15184992-Reviews-Megan_s_Bar_Kitchen,246
d803668-Reviews-Casellula,249
d457772-Reviews-Blue_Ribbon_Sushi,252
d4225718-Reviews-Cull_Pistol,255
d3631325-Reviews-Jacob_Restaurant_Soul_Food_Salad_Bar,258
d424094-Reviews-Gramercy_Tavern,261
d6838593-Reviews-The_NoMad_Bar,264
d1008089-Reviews-El_Centro,267
d2452488-Reviews-Hummus_Place_Upper_West_Side,300
d1750605-Reviews-Craft,303
d10781002-Reviews-Samba_Kitchen,306
d1368175-Reviews-L_Artusi,309
d425330-Reviews-Keens_Steakhouse,312
d14416742-Reviews-Manhatta,315
d12321742-Reviews-Loring_Place,318
d1984030-Reviews-Flex_Mussels_13th_Street,321
d2009679-Reviews-Rubirosa,324
d4716678-Reviews-IPPUDO_WESTSIDE_Midtown,327
d2256319-Reviews-San_Matteo_Pizza_Espresso_Bar,330
d851947-Reviews-Momoya,333
d1903700-Reviews-Il_Punto,336
d7387632-Reviews-Russ_Daughters_Cafe,339
d495865-Reviews-Via_Della_Pace,342
d8153582-Reviews-Black_Iron_Burger,345
d425341-Reviews-HanGawi,348
d1018334-Reviews-The_Capital_Grille,351
d4397951-Reviews-The_Musket_Room,354
d10171185-Reviews-Momosan_Ramen_Sake,357
d620401-Reviews-Dinosaur_Bar_B_Que,360
d10000786-Reviews-Indian_Accent,363
d590742-Reviews-Taim_West_Village,369
d3314559-Reviews-Rafele,372
d5039941-Reviews-Bareburger_Hell_s_Kitchen,375
d1030684-Reviews-Momofuku_Noodle_Bar,378
d1236281-Reviews-Club_A_Steakhouse,381
d543689-Reviews-Tony_s_Di_Napoli_Midtown,384
d8069276-Reviews-Nomo_Soho_Restaurant,387
d425831-Reviews-Pylos,420
d3251979-Reviews-Feinstein_s_54_Below,421
d3158813-Reviews-Ribalta_Pizza,422
d6000258-Reviews-Up_Thai,423
d3580923-Reviews-Beyond_Sushi,424
d492818-Reviews-John_s_of_Bleecker_Street,425
d3182887-Reviews-Jacob_s_Pickles,426
d2704704-Reviews-Amelie,427
d1224238-Reviews-Russ_Daughters,428
d953662-Reviews-IL_Melograno,429
d1501860-Reviews-La_Lanterna_di_Vittorio,430
d424278-Reviews-Amish_Market_East,431
d11798975-Reviews-Benjamin_Steakhouse_Prime,432
d457154-Reviews-Blue_Ribbon_Brasserie,433
d776994-Reviews-Little_Owl,434
d9751045-Reviews-Her_Name_Is_Han,435
d1450822-Reviews-Keste_Pizza_Vino,436
d457830-Reviews-Tocqueville,437
d424478-Reviews-Margon,438
d7345837-Reviews-Burger_Lobster,439
d424501-Reviews-Hatsuhana_Sushi_Restaurant,440
d8778055-Reviews-Blue_Dog_Cookhouse_Bar,441
d598053-Reviews-Del_Posto,442
d1420210-Reviews-Emporio,443
d423285-Reviews-Tomoe_Sushi,444
d6654379-Reviews-Decoy_Bar,445
d457849-Reviews-Da_Andrea_Ristorante,446
d457767-Reviews-Pearl_Oyster_Bar,447
d424608-Reviews-Orso,448
d967636-Reviews-Mermaid_Oyster_Bar,449
d1734371-Reviews-The_Mean_Fiddler,450
d1238523-Reviews-Flex_Mussels,453
d658771-Reviews-Basso56,456
d7273605-Reviews-Chefs_Club_NY,459
d5559688-Reviews-Bengal_Tiger,462
d1368208-Reviews-BG_Bergdorf_Goodman,465
d7761483-Reviews-Raclette,468
d1236468-Reviews-Dirt_Candy,471
d8120444-Reviews-Tanner_Smith_s,474
d12717514-Reviews-Monte_s_Trattoria,477
d1231139-Reviews-Blind_Tiger_Ale_House,480
d425338-Reviews-Bistango_Restaurant,483
d3389328-Reviews-Saigon_Shack,486
d938985-Reviews-Naruto_Ramen,489
d425334-Reviews-Hillstone,492
d6696404-Reviews-Baz_Bagel_and_Restaurant,495
d8040786-Reviews-Hama_Japanese_Cuisine,498
d477312-Reviews-IL_CORSO,501
d814362-Reviews-Aurora_SoHo,504
d1526337-Reviews-The_Capital_Grille,507
d8847339-Reviews-Hell_s_Kitchen,510
d4608628-Reviews-Pure_Fresh,513
d424507-Reviews-Estiatorio_Milos,516
d3731386-Reviews-Sea_Fire_Grill,519
d814277-Reviews-Market_Table,522
d7352928-Reviews-Masseria_Dei_Vini,525
d458172-Reviews-Pisticci,528
d528141-Reviews-O_Hara_s_Restaurant_Pub,531
d3903182-Reviews-The_Dead_Rabbit,534
d1985904-Reviews-Tamarind_Tribeca,537
d7231880-Reviews-Mastro_s_Steakhouse,570
d10558814-Reviews-Barn_Joo_35,576
d459367-Reviews-Westway_Diner,579
d8536919-Reviews-By_CHLOE_West_Village,582
d423356-Reviews-Bond_Street,585
d1026774-Reviews-Hakata_Ippudo_NY,588
d1182272-Reviews-Ayza_Wine_Chocolate_Bar,591
d424452-Reviews-La_Grenouille,594
d6414820-Reviews-Gato,597
d423347-Reviews-Raoul_s,600
d457823-Reviews-Blue_Hill,603
d1444705-Reviews-Marea,606
d4221405-Reviews-Morton_Williams_57th_St,609
d7606257-Reviews-STATE_Grill_and_Bar,612
d812522-Reviews-Land,615
d779482-Reviews-Luzzo_s,618
d830428-Reviews-Etcetera_Etcetera,621
d1960435-Reviews-PRINT,624
d7242953-Reviews-Taboon,627
d611426-Reviews-Buddakan,630
d2516063-Reviews-The_MasalaWala,633
d425824-Reviews-Cafe_Mogador,636
d4888905-Reviews-Murray_s_Cheese_Bar,639
d2397895-Reviews-Adrienne_s_Pizzabar,642
d425388-Reviews-Franchia_Vegan_Cafe,645
d2091126-Reviews-Coppelia,648
d424586-Reviews-Il_Gattopardo,651
d2191480-Reviews-Beecher_s_Handmade_Cheese,654
d7993325-Reviews-Black_Tap,657
d2314754-Reviews-PizzArte,690
d3459256-Reviews-Crave_Fishbar,693
d1508456-Reviews-The_Capital_Grille,696
d12676727-Reviews-Burger_Lobster,699
d477987-Reviews-Trattoria_Pesce_Pasta,702
d459081-Reviews-Via_Brasil_Restaurant,705
d12947829-Reviews-Carmine_s_Italian_Restaurant_Times_Square,708
d477311-Reviews-Trattoria_Trecolori,711
d476855-Reviews-Red_Bamboo,717
d2242032-Reviews-Boulud_Sud,720
d6892205-Reviews-Times_Square_Diner_Grill,723
d7390655-Reviews-The_Polo_Bar,726
d1989753-Reviews-The_Bluebell_Cafe,729
d6474717-Reviews-Red_Farm,732
d478804-Reviews-Hourglass_Tavern,735
d3318799-Reviews-Uncle_Paul_s_Pizza,738
d3322154-Reviews-Prince_Street_Pizza,741
d459628-Reviews-Delmonico_s,744
d1762735-Reviews-Andrew_s_Coffee_Shop,747
d423264-Reviews-Palma,750
d2141950-Reviews-Peacefood_Cafe,753
d1812665-Reviews-Fiat_Cafe,756
d3314690-Reviews-Westville_Chelsea,759
d424253-Reviews-Forlini_s_Restaurant,762
d7375683-Reviews-Senza_Gluten,765
d1911376-Reviews-Hillstone_Midtown,768
d10148283-Reviews-Sean_s_Bar_And_Kitchen,771
d457829-Reviews-Union_Square_Cafe,774
d7192873-Reviews-Upland,777
d476854-Reviews-Nick_s,810
d425333-Reviews-Sakagura,813
d4296872-Reviews-Fish,816
d6663091-Reviews-Batard,819
d2460876-Reviews-Johny_s_Luncheonette,822
d425819-Reviews-Veselka,825
d10787249-Reviews-Avra_Madison_Estiatorio,828
d10083109-Reviews-Toscana_49,831
d6735055-Reviews-Sweet_Chick,834
d7260260-Reviews-Rainbow_Room,837
d1849029-Reviews-The_Standard_Biergarten,840
d424426-Reviews-Morton_s_The_Steakhouse,843
d457151-Reviews-Del_Frisco_s_Double_Eagle_Steakhouse,846
d1460354-Reviews-230_Fifth,849
d479341-Reviews-Bistro_Les_Amis,852
d1657868-Reviews-Jean_Georges,855
d3498676-Reviews-VIV_Thai_Restaurant_and_Bar,858
d941063-Reviews-Cuba,861
d546786-Reviews-La_Masseria,864
d3765402-Reviews-Dudley_s,867
d1765589-Reviews-Marc_Forgione,870
d10471816-Reviews-Le_CouCou_Restaurant,873
d425866-Reviews-Caracas_Arepa_Bar,876
d590536-Reviews-Perry_St,879
d4875884-Reviews-Bagel_Express,882
d2704742-Reviews-Vitae,885
d590529-Reviews-Cookshop,888
d1740656-Reviews-New_York_Luncheonette,891
d1006793-Reviews-Jimmy_s_Corner,894
d3579021-Reviews-The_Landmark_Tavern,897
d6692504-Reviews-Ivan_Ramen,930
d2035361-Reviews-Danji,933
d12792262-Reviews-P_S_Kitchen,936
d423293-Reviews-Pepolino,939
d2338645-Reviews-Red_Farm,942
d9563471-Reviews-Baccarat_Hotel_Bar,945
d3832442-Reviews-Mighty_Quinn_s_Barbeque,948
d13007843-Reviews-Excellent_Dumpling_House,951
d425678-Reviews-Amma,954
d7289152-Reviews-Via_Carota,957
d814664-Reviews-The_Perfect_Pint,960
d4455129-Reviews-99_Cent_Fresh_Pizza,963
d13235240-Reviews-Joe_s_Pizza,966
d3915336-Reviews-Tommy_Bahama_Restaurant_Bar_Store,969
d8626773-Reviews-Sadelle_s,972
d11753620-Reviews-Temple_Court,975
d603236-Reviews-Morimoto,978
d2487744-Reviews-Shanghai_21,981
d541243-Reviews-Birdland,984
d8412146-Reviews-St_Cloud_Rooftop,987
d1368066-Reviews-Faces_and_Names,990
d10734472-Reviews-Atoboy,993
d3175593-Reviews-Gyu_Kaku_Japanese_BBQ,996
d7380042-Reviews-Jongro_BBQ,999
d15162035-Reviews-Artichoke_Basille_s_Pizza,1002
d424145-Reviews-Eisenberg_s_Sandwich_Shop,1005
d1875229-Reviews-Robert,1008
d425709-Reviews-BLT_Steak,1011
d1995049-Reviews-Osteria_Morini,1014
d457807-Reviews-Victor_s_Cafe,1017
d3330157-Reviews-Jack_s_Wife_Freda,1050
d2174389-Reviews-Buvette_Gastrotheque,1053
d1886704-Reviews-Eataly,1056
d3599839-Reviews-Atera,1059
d423308-Reviews-Gotham_Bar_Grill,1062
d1501691-Reviews-Murray_Hill_Diner,1065
d1740742-Reviews-The_Meatball_Shop,1068
d2401811-Reviews-Sushi_Yasaka,1071
d457813-Reviews-Carmine_s_Italian_Restaurant_Upper_West_Side,1074
d425587-Reviews-Brasserie_8_1_2,1077
d2460595-Reviews-The_Leopard_at_des_Artistes,1080
d478005-Reviews-Pepe_Giallo,1083
d425570-Reviews-Aquavit,1086
d524733-Reviews-Sant_Ambroeus,1089
d459152-Reviews-Cafe_Habana,1092
d1009763-Reviews-Ruby_s,1095
d1973314-Reviews-West_Side_Steakhouse,1098
d3193810-Reviews-The_NoMad_Restaurant,1101
d425600-Reviews-Il_Tinello_Ristorante,1104
d7284184-Reviews-Da_Claudio_Ristorante,1107
d659009-Reviews-Momofuku_Ssam_Bar,1110
d10027946-Reviews-An_nam,1113
d423258-Reviews-Arturo_s,1116
d4509237-Reviews-Westville_Hudson,1119
d6847461-Reviews-Pi_Greek_Bakerie,1122
d423473-Reviews-Bubby_s,1125
d479256-Reviews-Clinton_St_Baking_Company_Restaurant,1128
d3652763-Reviews-Blue_Smoke_Battery_Park_City,1131
d2329695-Reviews-Luigi_s_Gourmet_Pizza,1134
d423353-Reviews-Balthazar,1137
d4819577-Reviews-OCabanon,1170
d8856396-Reviews-The_Mermaid_Inn,1171
d2614259-Reviews-Stage_Door_Deli,1172
d4961395-Reviews-The_Marshal,1173
d423818-Reviews-Cafe_Boulud,1174
d1986633-Reviews-Le_Parisien,1175
d912751-Reviews-Il_Brigante,1176
d2433995-Reviews-The_Top_of_The_Standard,1177
d10338337-Reviews-Dutch_Fred_s,1178
d2154053-Reviews-Zero_Otto_Nove,1179
d479020-Reviews-Eleven_Madison_Park,1180
d558217-Reviews-Da_Marino_Restaurant,1181
d3220843-Reviews-Lillie_s_Victorian_Establishment,1182
d5929105-Reviews-Paul_s_Da_Burger_Joint,1183
d3847691-Reviews-Felice_15_Gold_Street,1184
d425675-Reviews-Avra_Estiatorio,1185
d1175842-Reviews-Harry_s,1186
d655719-Reviews-Benjamin_Steakhouse,1187
d5563156-Reviews-The_Press_Lounge,1188
d3190303-Reviews-Boqueria,1189
d1815441-Reviews-Totto_Ramen,1190
d424111-Reviews-ABC_Kitchen,1191
d3695771-Reviews-The_Perfect_Pint,1192
d445236-Reviews-Nocello,1193
d8726958-Reviews-Urbanspace,1194
d1902953-Reviews-Capizzi,1195
d777081-Reviews-Ed_s_Lobster_Bar,1196
d810307-Reviews-FIG_OLIVE,1197
d7060226-Reviews-Two_Hands,1198
d590535-Reviews-Nobu_Fifty_Seven,1199
d1389291-Reviews-Saju_Bistro,0
d425325-Reviews-Sushi_Yasuda,3
d658171-Reviews-Guantanamera,6
d813650-Reviews-Blue_Ribbon_Sushi_Bar_Grill,9
d425844-Reviews-Prune,12
d861941-Reviews-Scotty_s_Diner,15
d424302-Reviews-The_Paris_Cafe,18
d7086001-Reviews-The_Egg_Shop,21
d2055160-Reviews-ABA_Turkish_Restaurant,24
d2705547-Reviews-2_Bros_Pizza,27
d502425-Reviews-Jackson_Hole_Burgers,30
d425603-Reviews-44_X,33
d865182-Reviews-Vezzo,36
d812082-Reviews-Ilili,39
d1318706-Reviews-Match_65_Brasserie,42
d9732096-Reviews-Sandwicherie,45
d1510673-Reviews-Tasty_Hand_Pulled_Noodles,48
d425558-Reviews-Oceana_Restaurant,51
d1198589-Reviews-Pret_A_Manger,54
d7207209-Reviews-Tribeca_s_Kitchen,57
d533199-Reviews-12_Chairs,60
d2400473-Reviews-Bareburger_Murray_Hill,63
d1444703-Reviews-Aldea,66
d8768662-Reviews-9_Ten_Restaurant,69
d1958029-Reviews-The_Three_Monkeys,72
d1186608-Reviews-Scarpetta,75
d5771824-Reviews-Friedman_s,78
d6872074-Reviews-Kung_Fu_Little_Steamed_Buns_Ramen,81
d527115-Reviews-Bus_Stop,84
d8535925-Reviews-Margherita_NYC,87
d472535-Reviews-West_Bank_Cafe,120
d3373343-Reviews-Gaonnuri,121
d425346-Reviews-Rossini_s_Restaurant,122
d3357522-Reviews-Tir_na_Nog_39th_St,123
d2299472-Reviews-Ess_a_Bagel,124
d2097003-Reviews-Comfort_Diner,125
d5971593-Reviews-Mozzarella_Vino,126
d1503344-Reviews-Mari_Vanna,127
d457938-Reviews-21_Club,128
d7724897-Reviews-Foxy_John_s_Bar_Kitchen,129
d736711-Reviews-Toloache,130
d836814-Reviews-Malibu_Diner,131
d479309-Reviews-Employees_Only,132
d5093991-Reviews-Davios_Northern_Italian_Steakhouse,133
d457843-Reviews-Jackson_Hole_Burgers,134
d425787-Reviews-Katz_s_Deli,135
d669791-Reviews-Pio_Pio_6,136
d2304459-Reviews-Beauty_Essex,137
d478632-Reviews-Knickerbocker_Bar_Grill,138
d425369-Reviews-Villa_Berulia,139
d423375-Reviews-Il_Mulino_New_York,140
d4275177-Reviews-ABC_Cocina,141
d490122-Reviews-Emporium_Brasil,142
d5543393-Reviews-Fogo_de_Chao_Brazilian_Steakhouse,143
d2436362-Reviews-Tacombi_Nolita,144
d7136229-Reviews-Bluestone_Lane,145
d3320445-Reviews-Anejo,146
d2371217-Reviews-Manhattan_Diner,147
d425375-Reviews-Penelope,148
d7589211-Reviews-Limani,149
d4331649-Reviews-Parker_Quinn,150
d451090-Reviews-Nobu_Downtown,153
d423642-Reviews-Cafe_Luxembourg,156
d424459-Reviews-Churrascaria_Plataforma,159
d528148-Reviews-Ear_Inn,162
d812185-Reviews-Natsumi,165
d2067213-Reviews-Bread_Butter_Market,168
d878569-Reviews-2nd_Avenue_Deli,171
d968445-Reviews-Bocca_di_Bacco,174
d7076604-Reviews-Marta,177
d7353091-Reviews-Bistango_at_the_Kimberly_Hotel,180
d1853279-Reviews-Pio_Pio_8,183
d2218830-Reviews-The_Counter,186
d641275-Reviews-Boqueria,189
d424433-Reviews-ViceVersa,192
d425721-Reviews-Aretsky_s_Patroon,195
d1367972-Reviews-Trinity_Place,198
d4114434-Reviews-The_Meatball_Shop,201
d481032-Reviews-P_J_Clarke_s,204
d1230776-Reviews-Nirvana,207
d4463423-Reviews-Pret_A_Manger,210
d914734-Reviews-Pret_A_Manger,213
d478290-Reviews-Mustang_Harry_s,216
d477310-Reviews-Trattoria_Dell_Arte,219
d10723140-Reviews-Kung_Fu_Kitchen,222
d13005816-Reviews-L_Atelier_De_Joel_Robuchon,225
d927143-Reviews-Don_s_Bogam_BBQ_Wine_Bar,228
d423307-Reviews-Strip_House,231
d7045793-Reviews-Calle_Dao_Bryant_Park,234
d585221-Reviews-BXL_Cafe,237
d1222858-Reviews-Salumeria_Rosi,270
d2707130-Reviews-Lincoln_Ristorante,273
d424427-Reviews-Ipanema_Restaurant,276
d7254734-Reviews-Zuma,279
d7210325-Reviews-The_Milling_Room,282
d424460-Reviews-Molyvos,285
d12326735-Reviews-Sapori_D_Italia,288
d424519-Reviews-Connolly_s_Pub_Restaurant,291
d424557-Reviews-Le_Rivage,294
d1591566-Reviews-Armani_Ristorante,297
d3952853-Reviews-La_Pulperia,300
d6627463-Reviews-Tessa,303
d6413212-Reviews-Estela,306
d424340-Reviews-Benito_One,309
d479245-Reviews-Coppola_s_Pizzeria_Restaurant,312
d637407-Reviews-Porter_House,315
d1077686-Reviews-Loeb_Boathouse_Central_Park,318
d10260367-Reviews-The_Roxy_Lounge,321
d1367953-Reviews-Havana_NY,324
d424475-Reviews-Pongsri_Thai_Restaurant,327
d6767627-Reviews-The_Skylark,330
d4090534-Reviews-Bathtub_Gin,333
d1318062-Reviews-Almond,336
d7180903-Reviews-Bar_SixtyFive,339
d1368037-Reviews-Brazil_Brazil,342
d4324483-Reviews-Trading_Post,345
d3747414-Reviews-Cielo_at_the_Mayfair,348
d3396054-Reviews-Cock_Bull,351
d3702482-Reviews-The_House_of_Brews,354
d481031-Reviews-O_Reilly_s_Bar_Kitchen,357
d6717396-Reviews-Spyglass,390
d1510656-Reviews-Joseph_Leonard,391
d477513-Reviews-Ruth_s_Chris_Steak_House,392
d2214534-Reviews-Bareburger_The_Village,393
d4937566-Reviews-Bubby_s_High_Line,394
d425717-Reviews-Felidia,395
d457822-Reviews-North_Square_Restaurant_Lounge,396
d5643291-Reviews-Fabio_Cucina_Italiana,397
d457179-Reviews-Chez_Josephine,398
d10804783-Reviews-Eataly_Downtown,399
d8068639-Reviews-Crompton_Ale_House,400
d3706457-Reviews-The_Keg_Room,401
d2005229-Reviews-Ai_Fiori,402
d534112-Reviews-Pazza_Notte,403
d2366015-Reviews-Cowgirl_Seahorse,404
d8602236-Reviews-Vaucluse,405
d4835511-Reviews-TAO_Downtown_Restaurant,406
d3662002-Reviews-Tavola,407
d2614225-Reviews-Don_Antonio,408
d2058676-Reviews-The_Crooked_Knife,409
d2318834-Reviews-Upstate,410
d4229734-Reviews-Pret_A_Manger,411
d458252-Reviews-Metro_Diner,412
d647243-Reviews-Niles_Bar_Restaurant,413
d7806431-Reviews-Kiss_My_Slice,414
d423299-Reviews-Minetta_Tavern,415
d457842-Reviews-Calle_Ocho,416
d11907498-Reviews-Black_Tap,417
d815369-Reviews-The_Smith,418
d1153375-Reviews-FIG_OLIVE,419
d1988088-Reviews-Park_Avenue_Tavern,420
d878024-Reviews-O_Lunney_s,421
d1436077-Reviews-Sticky_Rice,422
d5086775-Reviews-Refinery_Rooftop,423
d502744-Reviews-Pershing_Square,424
d10527137-Reviews-Dim_Sum_Palace,425
d1172720-Reviews-Main_Noodle_House,426
d10209086-Reviews-The_Smith,427
d10056143-Reviews-Nix,428
d636885-Reviews-Cafe_Cluny,429
d948624-Reviews-Zabar_Deli_Gourmet_Foods,430
d572756-Reviews-Koi,431
d478260-Reviews-The_Palm_Palm_West,432
d480780-Reviews-Barbuto,433
d8557227-Reviews-Jams,434
d2005333-Reviews-Red_Rooster_Harlem,435
d1563785-Reviews-Motorino,436
d1923765-Reviews-R_Lounge_at_Two_Times_Square,437
d1554647-Reviews-Glass_House_Tavern,438
d4290382-Reviews-Lafayette_Grand_Cafe_and_Bakery,439
d425681-Reviews-Sparks_Steak_House,440
d2137031-Reviews-Untitled_at_the_Whitney,441
d424487-Reviews-Don_Giovanni,442
d1942337-Reviews-Balaboosta,443
d11916965-Reviews-Non_Solo_Piada,444
d877326-Reviews-The_Grey_Dog_Union_Square,445
d1025013-Reviews-The_Rum_House,446
d595420-Reviews-Freemans_Restaurant,447
d2475219-Reviews-Saxon_and_Parole,448
d2100805-Reviews-Pret_A_Manger,449
d808258-Reviews-Cipriani_Wall_St,450
d423557-Reviews-Jane,453
d425579-Reviews-Asiate,456
d8723113-Reviews-Carragher_s_Pub_Restaurant,459
d4049647-Reviews-The_Boil,462
d13136815-Reviews-Friedmans,465
d599685-Reviews-Mudspot,468
d5497083-Reviews-Risotteria_Melotti_NYC,471
d426153-Reviews-Fraunces_Tavern,474
d797786-Reviews-Quality_Meats,477
d777092-Reviews-La_Esquina_SoHo,480
d423393-Reviews-Lupa_Osteria_Romana,483
d478775-Reviews-Joe_Allen,486
d541316-Reviews-Rosemary_s,489
d424558-Reviews-Azalea_Ristorante,492
d424482-Reviews-Marseille,495
d3248452-Reviews-Tony_s_Di_Napoli,498
d3175594-Reviews-Il_Buco_Alimentari,501
d423620-Reviews-Fred_s,504
d457802-Reviews-Sarge_s_Delicatessen_Diner,507
d6696986-Reviews-Kashkaval_Garden,510
d7023956-Reviews-The_Harold,513
d6899369-Reviews-Hakkasan_New_York,516
d7375622-Reviews-Hunt_Fish_Club,519
d596169-Reviews-Havana_Central_Restaurant_Rum_Bar,522
d424290-Reviews-Gigino_Trattoria,525
d5978612-Reviews-BarBacon,528
d12962766-Reviews-Jajaja,531
d424489-Reviews-DB_Bistro_Moderne,534
d490910-Reviews-Ariana_Afghan_Kabab_Restaurant,537
d2489698-Reviews-The_Smith,570
d8594483-Reviews-La_Contenta,573
d3768998-Reviews-Friedman_s_Lunch,576
d2545991-Reviews-Ovest_Pizzoteca,579
d424288-Reviews-The_Odeon,582
d2647568-Reviews-Casa_Lever,585
d8154730-Reviews-The_Malt_House,588
d1052364-Reviews-Smoke_Jazz_Club,591
d5065849-Reviews-The_Meatball_Shop,594
d1020089-Reviews-The_Grand_Tier_Restaurant,597
d479746-Reviews-Casa_Mono,600
d7646477-Reviews-Mighty_Quinn_s_Barbeque,603
d4932115-Reviews-At_Nine_Restaurant_Bar,606
d1509866-Reviews-Le_Relais_de_Venise_L_Entrecote_Midtown_East,609
d6561468-Reviews-El_Vez_and_Burrito_Bar,612
d496796-Reviews-Giorgio_s_of_Gramercy,615
d478054-Reviews-Park_Avenue_Autumn_Winter_Spring_Summer,618
d4834378-Reviews-Quality_Italian,621
d549301-Reviews-Quantum_Leap_Natural_Food,624
d848335-Reviews-Uva,627
d943882-Reviews-Antique_Garage,630
d424440-Reviews-Virgil_s_Real_BBQ_Times_Square,633
d6428670-Reviews-Bea,636
d5292923-Reviews-Gotham_Pizza,639
d484490-Reviews-Fanelli_Cafe,642
d423807-Reviews-Aureole_at_Home,645
d425623-Reviews-Nougatine_at_Jean_Georges,648
d4059308-Reviews-The_Smith,651
d8609422-Reviews-Rocco_Steakhouse,654
d424084-Reviews-Lure_Fishbar,657
d425730-Reviews-Monkey_Bar,690
d9733711-Reviews-Souvlaki_Gr,693
d3314835-Reviews-The_Irish_American_Pub,696
d2373470-Reviews-5_Napkin_Burger_UWS,699
d4098238-Reviews-Paola_s_Restaurant,702
d1169062-Reviews-Bobby_Van_s_Steakhouse_50th_Street,705
d4572141-Reviews-Jack_Doyle_s,708
d1097984-Reviews-Bistro_Milano,711
d3432259-Reviews-5_Napkin_Burger_Union_Square,714
d1391501-Reviews-Ravagh_Persian_Grill,717
d2424218-Reviews-O_Donoghue_s_Pub_and_Restaurant,720
d9849857-Reviews-Connolly_s_Pub_Restaurant,723
d423252-Reviews-Le_Gigot,726
d940566-Reviews-Sangria_46,729
d1991511-Reviews-Merchants_River_House,732
d4874892-Reviews-Pret_A_Manger,735
d7896425-Reviews-Baekjeong_NYC,738
d423520-Reviews-Broome_Street_Bar,741
d611431-Reviews-Barbounia,744
d4497402-Reviews-Bread_Butter,747
d4783360-Reviews-Beer_Culture,750
d656658-Reviews-Max_Brenner_NYC,753
d1368150-Reviews-Clement_at_The_Peninsula_New_York,756
d9567492-Reviews-Pokeworks,759
d807381-Reviews-Big_Daddy_s,762
d423629-Reviews-Pappardella,765
d457817-Reviews-One_if_by_Land_Two_if_by_Sea,768
d12115331-Reviews-Maison_Pickle,771
d3249015-Reviews-The_New_York_Beer_Company,774
d12449414-Reviews-Beyond_Sushi,777
d424493-Reviews-Osteria_al_Doge,810
d4658443-Reviews-Tappo,813
d423331-Reviews-Emilio_s_Ballato,816
d2724147-Reviews-Tony_s_Di_Napoli,819
d1195513-Reviews-Chai_Thai_Kitchen,822
d7370236-Reviews-Gelso_Grand,825
d6898657-Reviews-Obica_Mozzarella_Bar_Flatiron,828
d424422-Reviews-Il_Cortile_Restaurant,831
d5292637-Reviews-Piacere,834
d2413232-Reviews-Casa_Nonna,837
d527869-Reviews-Pete_s_Tavern,840
d424651-Reviews-The_Long_Room,843
d645535-Reviews-Morning_Star_Cafe,846
d537182-Reviews-La_Gioconda,849
d457871-Reviews-Amy_Ruth_s_Home_Style_Southern_Cuisine,852
d7911325-Reviews-Le_District,855
d4889925-Reviews-Room_Service,858
d813648-Reviews-Community_Food_Juice,861
d425385-Reviews-Cho_Dang_Gol,864
d3833047-Reviews-Maison_Harlem,867
d527499-Reviews-Caffe_Palermo,870
d423374-Reviews-Alta,873
d492998-Reviews-Pastrami_Queen,876
d5327242-Reviews-The_Stagecoach_Tavern,879
d2360090-Reviews-Cafe_China,882
d457944-Reviews-Fresco_by_Scotto,885
d445238-Reviews-Le_Bateau_Ivre,888
d4279212-Reviews-Little_Italy_Pizza,891
d423330-Reviews-Tribeca_Grill,894
d425686-Reviews-Maloney_Porcelli,897
